price,area,bedrooms,bathrooms,washingmachine,dtcenter,hotwater,ac,parking,security
2475349,100,2,0,1,3.961712196,1,0,1,1
2614983,104,2,0,1,3.529193276,1,0,1,1
2468421,97,2,0,1,3.985575088,1,0,1,1
2952767,114,2,0,1,2.773570284,1,0,1,0
2791269,102,2,0,1,3.086280019,0,1,1,1
1504513,54,2,0,1,14.22777012,1,0,1,0
1560471,56,2,0,0,3.775877117,0,0,1,1
1510526,54,2,0,0,4.068954908,0,0,1,1
2862226,102,2,0,1,2.971536881,0,1,1,1
2947368,105,2,0,1,2.814823313,1,0,1,0
2763158,98,2,0,1,3.194285879,0,1,1,1
2605765,92,2,0,1,3.552646311,1,1,1,1
3090323,109,2,0,1,2.565978555,1,0,1,0
5138811,37,2,1,1,0.740728906,1,1,2,1
2394737,84,2,0,1,4.226973411,1,1,1,1
2483533,87,2,0,1,3.945466499,1,1,1,1
1842105,129,1,1,1,1.818910674,0,0,1,0
2057355,72,2,1,1,6.166905119,0,1,1,0
1934582,135,1,1,1,7.343326612,0,0,1,0
1985789,69,2,1,1,1.326606073,0,1,1,0
1501316,52,2,0,1,14.43333791,1,0,1,0
3844713,132,2,0,1,1.617409189,0,0,2,0
1552073,53,2,0,1,13.36618441,1,0,1,0
3585190,122,2,0,1,1.866997906,0,0,2,0
1902643,129,1,1,1,7.887929319,0,0,1,0
3573684,121,2,0,1,1.878421382,0,0,2,0
1608546,54,2,0,0,3.452790646,0,0,1,1
2651536,88,2,0,0,3.44739362,1,0,1,0
1054654,35,2,0,0,9.680310363,0,1,0,1
5360555,177,2,1,1,0.643366086,0,1,2,0
1031579,34,2,0,0,18.12971118,0,1,0,1
1100254,36,2,0,0,9.39704457,0,1,0,1
2581480,84,2,0,0,0.602326112,1,0,1,0
2523684,81,2,0,0,3.858914811,1,0,1,0
2182617,70,2,1,1,1.05722912,0,1,1,0
2671788,83,2,1,0,3.370644048,0,1,1,0
1859495,38,3,1,1,1.738635061,1,1,1,1
5342105,162,2,1,1,0.659134397,0,1,2,0
1853600,37,3,1,1,8.321189952,1,1,1,1
1289474,77,1,1,0,6.615159254,1,0,1,0
1310573,78,1,1,0,16.32484498,1,0,1,0
3864737,114,2,1,1,1.59304369,0,1,2,1
1842105,36,3,1,1,8.645231973,1,1,1,1
1689429,99,1,0,0,2.896976775,1,1,0,1
4029747,118,2,1,1,1.417512534,0,1,2,1
1351588,79,1,1,0,15.55709647,1,0,1,0
1578499,46,2,1,1,3.689475926,1,0,1,1
5578273,162,2,1,1,0.607601689,0,1,2,0
4113494,119,2,1,1,1.355992362,0,1,2,1
2284211,19,2,2,1,4.808638009,1,1,1,2
1635302,47,2,1,1,12.13000579,1,0,1,1
4863158,35,2,1,1,0.82218867,1,1,2,1
2652632,76,2,1,0,3.44477791,0,1,1,0
2284211,65,2,1,1,4.80719074,0,0,1,1
2320389,66,2,1,1,4.572443913,0,0,1,1
1768421,50,2,1,0,9.602066661,1,0,0,0
1565789,44,2,1,1,3.711501494,1,0,1,1
1886560,53,2,1,0,1.67203049,1,0,0,0
1674166,94,1,0,0,11.18389624,1,1,0,1
2214296,62,2,1,0,5.24203939,1,0,1,1
2731823,76,2,1,0,3.215935409,0,1,1,0
2136842,59,2,1,0,5.73927919,1,0,1,1
2073275,57,2,1,1,6.036057076,1,0,1,0
2413756,21,1,1,0,4.127002024,1,1,1,2
1820751,50,2,1,0,8.914129464,1,0,0,0
1750000,48,2,1,0,2.381971697,1,0,1,0
2443212,67,2,1,1,4.031453457,0,0,1,1
1132306,31,2,1,0,8.93693153,0,1,1,0
1105263,30,2,1,0,9.385307864,0,1,1,0
1657895,90,1,0,0,11.41512422,1,1,0,1
2216171,60,2,1,0,5.234436426,1,0,1,1
2039942,55,2,1,1,6.275623167,1,1,1,1
2616993,141,1,0,1,0.579123728,0,1,1,0
1151104,31,2,1,0,8.297627288,0,1,1,0
2063158,55,2,1,1,6.138868862,1,0,1,0
1809387,48,2,1,0,8.927144225,1,0,1,0
1855553,49,2,1,0,8.319437001,1,0,1,0
2272804,60,2,1,1,4.851488729,1,0,1,0
3206587,169,1,1,0,2.338083009,1,1,1,0
2088427,55,2,1,1,5.996892317,1,1,1,1
2026316,53,2,1,1,6.522479329,1,1,1,1
1896562,98,1,1,1,7.981991602,0,0,1,1
2596130,134,1,0,1,3.60594014,0,1,1,0
1842105,95,1,1,1,1.802671509,0,0,1,1
1580526,81,1,1,0,1.2028754,0,1,0,1
1889292,48,2,1,1,8.051239813,1,1,1,1
1476339,75,1,0,1,4.239758003,1,0,1,0
3389474,86,2,1,1,2.097377931,1,0,2,1
1676051,85,1,1,1,10.94897659,0,0,0,1
1725905,87,1,1,1,10.33328278,0,0,0,1
3496495,88,2,1,1,1.956887542,1,0,2,1
2578947,129,1,0,1,3.689644941,0,1,1,0
1842105,46,2,1,1,1.801974582,1,1,1,1
3127895,156,1,1,0,2.521500396,1,1,1,0
1624737,81,1,1,1,3.349954058,0,0,0,1
2297949,114,1,0,0,4.739939722,0,0,1,1
1896745,47,2,1,1,7.965277433,1,1,1,1
3259135,161,1,1,0,2.297097084,1,1,1,0
1652958,81,1,1,0,11.75490213,0,1,0,1
2027555,99,1,1,1,6.404904178,0,0,1,1
3937900,96,2,1,1,0.298993882,1,1,2,1
1191227,58,1,1,0,17.71772614,1,0,0,0
1891492,46,2,1,0,7.987325674,1,1,1,0
3830380,93,2,1,1,1.626602179,1,1,2,1
1624296,39,2,1,0,3.359553588,1,1,1,1
1878947,45,2,1,0,1.697520924,1,1,1,0
1547368,37,2,1,0,13.70853669,1,1,1,1
1741823,83,1,1,0,2.439157678,0,1,0,1
1595730,38,2,1,0,12.76694227,1,1,1,1
1436842,68,1,0,1,4.556675696,1,0,1,0
4678947,46,1,2,1,0.873428571,1,1,1,2
3724557,88,2,1,1,1.682809577,1,0,2,1
3813158,90,2,1,1,1.640695158,1,1,2,1
1508371,71,1,0,1,4.070285353,1,0,1,0
4807177,43,1,2,1,0.844051992,1,1,1,2
2763158,65,2,1,1,3.189700702,1,1,1,1
2825321,66,2,1,1,3.023409571,1,1,1,1
2954600,69,2,1,1,2.771641591,1,1,1,1
3131579,73,2,1,1,2.516843759,1,1,2,0
2317236,54,2,1,1,4.608548177,1,1,1,0
1631348,38,2,1,0,12.26224598,1,1,0,0
2837279,66,2,1,1,2.995340374,1,1,1,1
2279999,106,1,0,0,4.826999596,0,0,1,1
1185162,55,1,1,0,7.930385542,1,0,0,0
2001881,46,2,1,0,1.257363311,1,1,1,0
2873684,66,2,1,1,2.941388564,1,1,1,0
2265789,104,1,0,0,4.901971609,0,0,1,1
3021585,69,2,1,1,2.679318969,1,1,2,1
2339229,20,2,2,1,4.520843268,1,1,1,2
1584211,36,2,1,0,3.646389723,1,1,0,0
4605263,43,1,2,1,0.951261087,1,1,1,2
1568027,71,1,1,0,1.256877115,0,0,0,1
3275506,74,2,1,1,2.281712991,1,1,2,0
4866038,36,2,1,1,0.810098408,1,1,2,1
1175263,53,1,1,0,18.04721494,1,0,0,0
2928469,66,2,1,1,2.854371462,1,1,1,0
2975000,67,2,1,1,2.744754032,1,1,2,1
4375528,98,2,1,1,1.106737704,1,1,2,1
2433715,109,1,1,0,0.658408761,0,1,1,0
2947368,66,2,1,1,2.814353412,1,1,1,1
3038192,68,2,1,1,2.663521048,1,1,1,1
1252632,28,2,1,0,7.171201902,1,1,1,0
1547556,69,1,1,0,3.824205452,0,0,0,1
1662642,37,2,1,0,2.971415985,1,1,0,0
1313733,29,2,1,0,16.26039487,1,1,1,0
2315926,51,2,1,1,4.671812385,1,1,1,2
1731579,38,2,1,1,10.20973495,1,1,0,0
2964783,65,2,1,0,2.768106829,1,1,1,0
2466602,54,2,1,1,4.01093527,1,1,1,1
4710093,46,1,1,1,0.870247417,1,1,1,2
3071695,67,2,1,1,2.602994619,1,1,1,0
3237489,47,3,2,1,2.321767526,1,1,1,2
2391326,52,2,1,1,4.260054614,1,1,1,1
2721176,59,2,1,1,3.224205787,1,1,1,1
2306316,50,2,1,1,4.719763293,1,1,1,0
2010397,87,1,1,0,6.608767312,1,1,1,0
4259750,92,2,1,1,1.200383009,1,1,2,1
1297676,28,2,1,0,6.366575772,1,1,1,0
2873684,62,2,1,0,2.938086689,1,1,1,0
3339626,72,2,1,1,2.168547067,1,1,2,1
2879084,62,2,1,0,2.923690827,1,1,1,0
4812502,49,2,1,1,0.840266148,1,1,2,1
4200000,90,2,1,1,1.244763824,1,1,2,1
3454993,74,2,1,1,2.020837525,1,1,2,0
1779410,38,2,1,0,2.221272659,1,1,0,1
1547368,66,1,1,0,13.59104403,0,0,0,1
2696957,115,1,1,1,3.268713346,1,1,1,0
2393223,102,1,1,0,4.251789489,0,1,1,0
2147317,22,2,1,1,5.652624642,1,1,1,1
2069067,88,1,1,0,1.140691611,1,1,1,0
2400109,21,2,2,1,4.17630382,1,1,1,2
2230946,22,1,1,0,0.967254652,1,1,1,2
2689474,114,1,1,1,3.309565004,1,1,1,0
921053,39,1,0,0,13.07493803,1,0,0,1
2267852,48,2,1,1,4.855182416,1,1,1,2
2173684,46,2,1,1,1.058819231,1,1,1,2
2411286,51,2,1,1,4.157764332,1,1,1,0
4725244,46,1,1,1,0.858776629,1,1,1,2
1702105,36,2,1,0,2.825602932,1,1,0,1
1989474,84,1,1,0,6.789042638,1,1,1,0
1800871,38,2,1,1,9.136289776,1,1,0,0
1852832,39,2,1,1,1.755832187,1,1,0,0
3527321,33,2,1,1,1.912027093,1,1,2,1
2518575,106,1,0,0,3.862650806,0,1,1,0
2578947,54,2,1,1,3.680314244,1,1,1,1
2391053,50,2,1,1,4.285843195,1,1,1,1
2535269,106,1,0,0,3.845195848,0,1,1,0
1985789,83,1,1,0,6.907165492,0,1,1,0
2376316,99,1,1,0,4.349104759,0,1,1,0
2063158,21,2,1,1,6.126600895,1,1,1,1
936615,39,1,0,0,10.5748919,1,0,0,1
2042819,85,1,1,0,6.264110866,0,1,1,0
2064512,20,1,2,0,6.075129555,1,1,1,1
937597,39,1,0,0,10.55323152,1,0,0,1
2783478,115,1,1,1,3.091795948,1,1,1,0
3246876,67,2,1,1,2.31014096,1,1,2,1
3205263,66,2,1,1,2.350820099,1,1,2,1
1942827,80,1,0,0,7.246907168,1,1,1,1
3363847,69,2,1,1,2.143855389,1,1,2,1
1657895,68,1,1,0,11.39130689,1,1,1,1
1857664,38,2,1,0,1.738727365,1,1,0,2
1519270,62,1,0,1,4.015082618,1,1,1,0
2134278,87,1,1,0,5.755292498,0,1,1,0
2650273,54,2,1,1,3.458688297,1,1,1,1
2505263,102,1,0,0,3.888626822,0,1,1,0
3794737,77,2,1,1,1.663380664,1,1,2,2
3846184,78,2,1,1,1.610382252,1,1,2,2
3255028,44,3,2,1,0.306668513,1,1,1,2
3058180,62,2,1,0,2.620334588,1,1,2,1
1702029,69,1,1,0,2.831089973,1,1,1,1
2739871,111,1,1,0,3.203943402,0,0,1,1
4550000,46,1,1,1,0.979769848,1,1,1,2
2222092,23,1,2,1,0.97830036,1,1,1,2
1731579,35,2,1,0,10.07367567,1,1,0,2
2476949,50,2,1,1,3.961383608,1,1,1,1
2652632,107,1,1,0,3.440297736,0,0,1,1
3201579,43,3,2,1,2.365357045,1,1,1,2
3178045,64,2,1,0,2.404439446,1,1,2,1
3131579,63,2,1,0,2.513706005,1,1,2,1
3235310,65,2,1,0,2.323005665,1,1,2,1
1842105,74,1,1,1,8.625622069,1,0,1,1
1842105,74,1,0,0,8.58782128,1,1,1,1
1896844,76,1,0,0,1.656750771,1,1,1,1
2125211,85,1,1,1,5.786830055,1,0,1,1
1800918,36,2,1,1,2.086640363,1,1,0,2
1856132,37,2,1,0,8.311634415,1,1,0,1
1756404,35,2,1,0,9.626016215,1,1,0,2
1510526,60,1,0,1,4.056769733,1,1,1,0
958610,38,1,1,0,10.29078474,0,0,0,1
959253,38,1,1,0,10.23935542,0,0,0,1
1768421,35,2,1,1,9.557844339,1,1,0,2
2133932,42,2,1,0,5.759347799,1,1,1,1
2063158,81,1,1,1,6.114694755,1,0,1,1
2247368,44,2,1,1,5.04849236,1,1,1,2
921053,36,1,1,0,12.8264016,0,0,0,1
2100000,41,2,1,0,5.911604456,1,1,1,1
3073666,60,2,1,0,2.599413481,1,1,1,2
3956367,77,2,1,1,1.47168293,1,1,2,2
1953157,38,2,1,1,7.118363913,1,1,0,2
2575263,50,2,1,1,3.699157094,1,1,1,1
2137783,83,1,1,1,5.677854658,1,0,1,1
1907834,74,1,1,1,1.607057856,1,0,1,1
1784348,69,1,1,0,9.318187954,1,1,1,1
2794689,54,2,1,1,3.058626164,1,1,1,1
2643004,51,2,1,1,3.473276884,1,1,1,1
1580722,61,1,0,1,3.67546935,1,1,1,0
2892105,28,2,2,0,2.912623089,1,1,1,1
2332289,45,2,1,1,4.540120718,1,1,1,2
2100764,81,1,1,0,5.853961828,1,0,1,1
2780430,107,1,0,1,3.10705672,1,0,1,0
1562102,60,1,1,0,13.19922361,0,1,1,0
2291974,44,2,1,1,4.754641295,1,1,1,2
2763158,53,2,1,1,3.186343782,1,1,1,1
2906660,111,1,1,0,2.896164594,0,0,1,1
3221556,123,1,0,1,2.32985089,1,1,1,1
2357895,45,2,1,1,4.434355899,1,1,1,1
2412835,46,2,1,1,4.141235528,1,1,1,1
1547368,59,1,1,0,13.58808375,0,1,1,0
3057895,58,2,1,0,2.6310001,1,1,2,1
2971226,56,2,1,0,2.755858557,1,1,1,2
1592399,60,1,1,0,12.79872135,0,1,1,0
2247368,22,1,2,1,5.042330955,1,1,1,2
2972675,56,2,1,1,2.752129815,1,1,1,1
1301661,49,1,0,0,6.182074729,0,1,1,0
2206842,83,1,0,0,1.012551591,0,1,1,0
2613566,49,2,1,0,3.543700409,1,1,1,2
2057186,20,1,2,0,6.178917564,1,1,1,1
1742582,65,1,1,0,2.42579834,0,0,1,0
3214474,32,2,1,1,2.336480113,1,1,2,1
3164237,59,2,1,0,2.416702133,1,1,2,1
2763158,103,1,0,1,3.186152166,1,0,1,0
1986639,74,1,1,1,6.862094336,1,0,1,1
2252212,23,2,1,1,4.966983966,1,1,1,1
1289474,48,1,0,0,6.589074007,0,1,1,0
1773729,33,2,1,0,9.359079712,1,1,0,1
3091053,115,1,0,1,2.561345552,1,1,1,1
3333539,62,2,1,1,2.169766748,1,1,2,1
3550819,66,2,1,1,1.885034249,1,1,2,1
2505987,93,1,1,0,3.870737115,1,1,1,0
2427895,45,2,1,0,4.09487156,1,1,1,2
2542046,47,2,1,0,3.823273707,1,1,1,2
2542904,94,1,1,0,3.791793624,1,1,1,0
4705601,45,1,2,1,0.870818038,1,1,1,2
1731579,32,2,1,0,2.618697617,1,1,0,1
2928947,54,2,1,0,2.837164011,1,1,1,2
3667933,135,1,0,1,1.750695468,0,1,1,1
1897244,21,1,2,1,1.656522061,1,1,1,2
3923684,43,1,2,1,1.535583555,1,1,1,1
2229896,41,2,1,1,5.194405613,1,1,1,2
3213002,118,1,0,1,2.336547473,1,1,1,1
2505263,92,1,1,0,3.873728312,1,1,1,0
1684893,17,1,1,1,2.897192119,1,1,1,2
2234215,41,2,1,0,5.13125136,1,1,1,1
2889012,106,1,0,1,2.915678839,1,0,1,0
1008447,37,1,1,0,10.06115435,1,0,1,1
1336498,49,1,0,0,5.649873088,0,1,1,0
3771809,69,2,1,1,1.670600701,1,1,2,2
1806865,33,2,1,0,8.935558698,1,1,0,1
2737716,50,2,1,1,3.208769613,1,1,1,1
2301086,84,1,0,0,4.739376712,0,1,1,0
3297368,60,2,1,1,2.262715418,1,1,2,1
1319822,48,1,0,0,16.25998597,1,1,0,0
2026316,22,1,1,1,6.518718754,1,1,1,1
1018106,37,1,1,0,9.91585826,1,0,1,1
2374792,86,1,0,1,4.374085667,0,1,1,0
4845662,46,1,2,1,0.835298782,1,1,1,2
2210526,40,2,1,1,5.369715856,1,1,1,2
2583074,29,1,2,1,3.625404816,1,1,1,2
3315789,60,2,1,1,2.2285272,1,1,2,2
2210526,21,1,1,0,5.36851254,1,1,1,2
3647368,132,1,0,1,1.784331069,0,1,1,1
4421053,80,2,1,1,1.094962563,1,1,2,2
994737,36,1,1,0,10.06648485,1,0,1,1
3154232,57,2,1,0,2.444454143,1,1,2,2
2438179,44,2,1,1,4.034461058,1,1,1,2
3828853,138,1,0,1,1.626817349,0,1,1,1
2084000,75,1,1,0,6.015656275,1,0,1,1
2031382,73,1,1,0,6.373942643,0,0,1,1
2087861,75,1,1,0,6.003348091,0,0,1,1
2314288,83,1,0,0,4.677806211,0,1,1,0
3067967,110,1,0,1,2.607496969,0,0,1,0
3021053,54,2,1,0,2.701913459,1,1,2,2
2947368,105,1,0,1,2.813084364,0,0,1,0
3372830,60,2,1,1,2.107025866,1,1,2,2
3007689,107,1,0,1,2.719527451,0,0,1,0
2026316,72,1,1,0,6.497787232,0,0,1,1
2063158,73,1,1,0,6.097896446,1,0,1,1
1811675,64,1,1,0,2.016136656,0,1,0,0
1731579,61,1,1,0,2.606365742,0,1,0,0
2357895,83,1,0,1,4.427975649,0,1,1,0
1795949,63,1,1,0,9.167582571,0,1,0,0
2284740,80,1,0,1,4.762678642,0,0,1,0
4635080,81,2,1,1,0.904908692,1,1,2,2
3784818,41,1,2,1,1.664760816,1,1,1,1
2341405,23,1,2,1,4.5120594,1,1,1,2
3152895,55,2,1,0,2.445668985,1,1,2,2
3853934,67,2,1,1,1.59829832,1,1,2,2
2247368,78,1,0,1,5.032736751,0,0,1,0
3702632,64,2,1,1,1.705098888,1,1,2,2
1257462,43,1,1,0,7.056653654,0,1,0,0
4860425,83,2,1,1,0.825385559,1,1,2,2
3399705,58,2,1,1,2.069254458,1,1,2,1
1731579,59,1,1,0,2.595976503,0,0,1,0
1761375,60,1,1,0,9.615918667,0,0,1,0
3995340,68,2,1,1,1.440608192,1,1,2,1
3477726,39,1,2,1,2.006376992,1,1,1,2
2644964,45,2,1,0,3.466969203,1,1,1,2
1206330,41,1,1,0,7.440577263,0,1,0,0
3242105,55,2,1,1,2.321035691,1,1,2,1
2719777,46,2,1,0,3.233788049,1,1,1,2
3555263,60,2,1,1,1.884518716,1,1,2,2
2026316,20,1,2,0,6.469837726,1,1,1,1
1663732,56,1,1,1,2.968791676,1,1,0,1
2615789,44,2,1,0,3.521333304,1,1,1,2
1307895,44,1,0,0,16.52083416,1,1,0,0
3639523,61,2,1,1,1.788546348,1,1,2,2
3702215,62,2,1,1,1.71397424,1,1,2,2
1553616,52,1,1,0,3.798878905,1,0,0,0
956588,32,1,1,0,10.4793765,0,0,1,1
1197368,40,1,1,0,7.864054165,1,0,0,1
1197368,40,1,1,0,17.52172764,0,1,0,0
1646842,55,1,1,1,3.166863495,1,1,0,1
2545823,85,1,0,1,0.614770928,0,1,1,0
2666918,31,1,1,0,3.38405651,1,1,1,2
1198645,40,1,1,0,7.698127499,1,0,0,1
3721053,62,2,1,1,1.696846933,1,1,2,1
1655976,55,1,1,1,3.057075896,1,1,0,1
2651121,88,1,0,1,3.455297775,0,0,1,0
2109211,35,2,1,0,1.124908256,1,1,1,2
3927916,65,2,1,1,1.52973554,1,1,2,2
1451061,48,1,1,0,4.427120198,1,0,1,0
2119505,35,2,1,0,5.789511435,1,1,1,2
1877809,62,1,0,0,8.240567164,0,1,1,1
5337095,88,2,1,1,0.667032918,1,1,2,1
1304158,43,1,1,0,16.8175393,1,0,0,1
1367087,45,1,0,0,5.333813622,1,1,0,0
2860778,47,2,2,0,2.97186312,1,1,1,2
2465295,81,1,0,1,4.011300363,0,0,1,0
975179,32,1,1,0,10.11689513,0,1,0,0
5425043,89,2,1,1,0.620445812,1,1,2,1
2744737,45,2,1,1,3.200152352,1,1,1,2
4332831,71,2,1,1,1.116052278,1,1,2,1
3054823,50,2,1,1,2.63250617,1,1,1,1
1592104,52,1,1,0,12.80511992,1,1,1,0
2947368,48,2,1,1,2.810517787,1,1,1,1
2246076,73,1,1,0,0.938150086,0,1,1,1
3016836,49,2,1,1,2.703901309,1,1,1,2
958348,31,1,1,0,10.35487657,0,1,0,0
3401958,55,2,1,1,2.066539392,1,1,2,1
1547368,50,1,1,0,13.58443197,1,0,0,0
3841366,62,2,1,1,1.622838341,1,1,2,1
2013624,65,1,0,0,6.603516224,1,1,1,0
1828812,18,1,1,1,8.865745462,1,1,1,2
1363158,44,1,1,0,15.49507461,1,0,1,0
2210526,23,1,2,1,5.366821558,1,1,1,2
1953685,63,1,0,1,7.108528619,1,0,1,0
931096,30,1,1,0,10.91927553,0,0,1,1
5342105,86,2,1,1,0.644153432,1,1,2,1
1584211,51,1,1,0,3.643726146,1,1,1,0
1398113,45,1,1,0,5.091612356,1,0,1,0
2689474,30,1,1,0,3.295088322,1,1,1,1
1899856,61,1,0,0,7.9549927,0,1,1,1
2243570,72,1,0,1,5.114627583,0,1,1,0
2933270,47,2,1,1,2.827928381,1,1,1,2
1842105,59,1,0,0,8.555864794,0,1,1,1
1842105,59,1,1,0,8.507548417,0,0,0,1
1159742,37,1,1,0,3.601561989,0,1,0,1
2947368,47,2,1,1,2.808889569,1,1,1,2
4273684,68,2,1,1,1.173382922,1,1,2,1
2744737,32,1,1,0,3.199945572,1,1,1,1
2210526,70,1,1,0,5.355456411,0,1,1,1
3917297,62,2,1,1,1.539481103,1,1,2,2
1675874,53,1,1,0,11.07928199,1,0,0,0
2782604,30,1,1,0,3.092149299,1,1,1,1
2405887,38,2,2,1,4.174959404,1,1,1,2
921053,29,1,1,0,12.74261964,0,0,1,1
2701619,30,1,1,0,3.263783551,1,1,1,1
1915789,60,1,0,0,7.711990319,1,1,1,0
957895,30,1,1,0,10.46420142,0,1,0,0
2044737,32,2,2,1,6.262640884,1,1,1,2
2876856,45,2,1,1,2.928237832,1,1,1,2
5321125,83,2,1,1,0.686058981,1,1,2,1
1955428,61,1,0,0,7.107668278,1,1,1,0
1026040,32,1,0,0,9.881355623,0,1,1,0
5194737,81,2,1,1,0.696964302,1,1,2,1
4554361,71,2,1,1,0.962304342,1,1,2,1
1540029,48,1,1,1,13.98648415,0,0,0,1
2342576,73,1,1,0,4.507178205,0,1,1,1
2634211,82,1,0,1,3.48764703,0,0,1,0
2763158,43,2,2,0,3.156790462,1,1,1,2
2803294,29,1,1,0,3.053080288,1,1,1,1
1980353,23,1,1,0,6.964019106,1,1,1,2
3216027,50,2,1,1,2.331111099,1,1,1,1
2578947,30,1,1,0,3.676339154,1,1,1,2
5536756,86,2,1,1,0.607791418,1,1,2,1
3028199,47,2,1,0,2.679112249,1,1,2,2
1933609,60,1,1,0,7.407536876,0,0,0,1
3868421,60,2,1,1,1.583204398,1,1,2,2
3708631,115,1,0,1,1.701395702,0,0,1,0
3226352,50,2,1,0,2.325917184,1,1,2,2
4261791,66,2,1,1,1.176080345,1,1,2,2
2100000,65,1,0,1,5.898212565,0,1,1,0
1802560,21,1,1,0,9.114153091,1,1,1,2
1971155,61,1,1,0,7.024246969,0,0,0,1
1131367,35,1,1,0,9.067883524,0,1,0,1
2263677,70,1,1,1,4.905878802,1,0,1,1
1621053,50,1,0,0,3.421570791,0,0,0,0
2792327,43,2,2,0,3.061990617,1,1,1,2
2337894,36,2,2,1,4.520954204,1,1,1,2
3053195,47,2,1,1,2.643124437,1,1,1,2
1105263,34,1,1,0,9.356468217,0,1,0,1
2763158,85,1,0,1,3.14041035,0,0,1,1
3551495,39,1,2,1,1.884887854,1,1,1,2
2863209,88,1,0,1,2.961281076,0,0,1,1
2394737,26,1,2,1,4.21204155,1,1,1,2
976316,30,1,0,0,21.43902186,0,1,1,0
1952632,60,1,0,1,7.214606566,1,0,1,0
2284211,35,2,2,1,4.799828648,1,1,1,2
2708553,83,1,1,0,3.245908026,0,1,1,1
1503446,46,1,1,1,14.25222587,0,0,0,1
2256106,69,1,0,0,4.961056384,1,1,1,0
1277351,39,1,0,0,6.842770624,0,1,1,1
3021053,46,2,1,0,2.69444953,1,1,2,2
3028471,30,2,2,0,2.677870787,1,1,1,1
2102078,32,2,2,1,5.841949002,1,1,1,2
2763158,84,1,0,1,3.139161121,1,0,1,1
3684211,112,1,0,1,1.730925841,0,0,1,0
3029526,46,2,1,1,2.674858759,1,1,1,1
2498708,27,1,2,1,3.899639466,1,1,1,2
2766286,84,1,1,0,3.131548597,0,1,1,1
1020965,31,1,0,0,9.912499668,0,1,1,0
4019758,61,2,1,1,1.436623635,1,1,2,2
2896115,29,2,2,0,2.904391256,1,1,1,1
2835518,86,1,0,1,2.999694335,1,0,1,1
2309200,35,2,1,0,4.709332998,1,1,1,2
1748834,53,1,1,0,2.403302789,1,1,1,0
4026148,122,1,0,1,1.436227602,0,0,1,0
1452059,44,1,1,1,4.425024085,1,0,1,1
3941791,45,1,2,1,0.273197852,1,1,1,1
2608421,28,1,1,0,3.550109288,1,1,1,1
1716667,52,1,0,0,2.752849461,0,0,0,0
1684243,51,1,0,0,2.92184356,0,0,0,0
2975108,90,1,0,1,2.743371892,0,0,1,1
3539767,107,1,1,1,1.904921766,0,1,1,1
1824001,21,1,2,1,1.869923366,1,1,0,2
2185540,66,1,0,1,5.519029464,0,1,1,0
3603062,44,1,1,1,1.838540004,1,1,1,1
3978947,60,2,1,1,1.456774327,1,1,2,2
3481579,105,1,1,1,1.988013188,0,1,1,1
1957018,59,1,1,0,1.386228804,0,0,1,0
3481579,40,1,2,1,1.9861853,1,1,1,1
4063161,45,1,2,1,1.404607805,1,1,1,1
1461617,44,1,1,1,4.343532635,1,1,0,1
4899365,49,1,2,1,0.801856465,1,1,1,2
3015874,33,1,1,0,2.714035481,1,1,1,1
1847994,20,1,1,1,8.378556031,1,1,1,2
2658587,80,1,1,0,3.395213144,0,0,1,1
4188644,63,2,2,1,1.269342613,1,1,2,1
2734483,28,1,1,0,3.213915509,1,1,1,1
2228152,67,1,1,1,5.210768399,1,0,1,1
2954862,34,1,1,1,2.768410691,1,1,1,2
3325661,33,2,1,1,2.176872017,1,1,2,1
2228947,67,1,0,0,5.207948883,1,1,1,0
2928947,44,2,1,1,2.835286921,1,1,1,1
2462199,30,1,1,1,4.014106453,1,1,1,1
2031542,61,1,0,1,6.341834376,1,0,1,0
3201579,96,1,0,1,2.364518946,1,0,1,0
1834337,55,1,1,1,1.844305822,0,0,1,0
3426316,38,1,2,1,2.041768794,1,1,1,2
2870532,86,1,0,1,2.950501581,1,0,1,1
2745903,82,1,0,1,3.19861379,0,0,1,0
2148004,32,2,2,0,5.637064244,1,1,1,1
3492377,104,1,0,1,1.957822946,1,0,1,0
2653106,79,1,1,0,3.418630638,0,0,1,1
4052632,60,2,1,1,1.412676132,1,1,2,2
4729371,70,2,1,1,0.853965626,1,1,2,1
2948146,36,1,1,1,2.795637098,1,1,1,2
2027815,60,1,1,0,6.399924187,1,1,1,1
2231539,33,2,2,1,5.143079107,1,1,1,2
2707895,80,1,1,0,3.253822466,0,1,1,1
1492105,44,1,1,1,4.188784042,0,0,0,1
2615789,77,1,1,0,3.520198461,0,0,1,1
4154042,61,2,1,1,1.306890968,1,1,2,2
1805263,20,1,1,1,2.080909546,1,1,1,2
1657895,17,1,1,1,11.37459438,1,1,1,2
4631660,68,2,1,1,0.908873931,1,1,2,1
4232564,62,2,1,1,1.237204394,1,1,2,2
1823684,21,1,1,0,8.878041589,1,1,1,2
3314842,97,1,0,1,2.237715306,1,0,1,0
1234211,36,1,0,0,7.20125957,0,1,1,1
1989474,58,1,1,0,1.28872472,1,1,1,1
1440667,42,1,1,1,4.496656743,1,1,0,1
1823684,53,1,1,1,8.87685723,0,0,1,0
1410785,41,1,1,0,4.747679023,0,1,0,1
1584211,46,1,1,0,12.95356251,0,1,0,0
2689474,30,1,1,0,3.28068171,1,1,1,1
1934211,56,1,1,0,7.385958541,0,0,1,0
2418322,70,1,0,0,4.115192425,1,1,1,0
2873684,32,1,1,1,2.931227746,1,1,1,1
1279261,37,1,1,0,6.836574511,1,0,0,0
3011550,35,1,1,1,2.714443458,1,1,1,1
4494737,65,2,1,1,0.999162917,1,1,2,1
1974352,57,1,1,0,7.003679088,0,0,1,0
6791811,98,2,2,1,0.438559042,1,1,2,2
4163158,60,2,2,1,1.285919866,1,1,2,1
3407895,40,1,1,1,2.050478903,1,1,1,2
1735541,50,1,1,0,2.447859851,0,1,0,0
1527420,44,1,1,1,3.953461135,1,0,0,0
2124977,23,1,1,1,1.102644155,1,1,1,1
2013702,58,1,1,1,6.592765256,0,0,1,0
1285703,37,1,0,0,6.682739235,0,1,1,1
2748331,79,1,1,0,3.196723913,1,1,1,0
1396316,40,1,1,0,15.3503146,0,1,0,1
3315789,41,1,2,1,2.222131419,1,1,1,2
2653784,76,1,1,0,3.41361278,1,0,1,1
1827198,22,1,1,1,8.876578278,1,1,1,2
4330181,62,2,1,1,1.126860832,1,1,2,2
5107365,73,2,1,1,0.751734642,1,1,2,1
2045464,23,1,1,1,6.253806052,1,1,1,1
3779451,108,1,1,1,1.669320933,0,1,1,1
1400000,40,1,1,1,5.090285421,1,1,0,1
1975764,23,1,1,1,6.9874836,1,1,1,2
2912017,32,1,1,0,2.873226981,1,1,1,1
3767568,42,1,1,1,1.670634943,1,1,1,1
2804930,80,1,1,0,3.047342051,1,0,1,1
1915789,23,1,1,0,7.707527839,1,1,1,1
1648040,47,1,1,0,3.16372358,0,1,0,0
1473456,42,1,1,1,4.309543668,1,0,1,1
2247368,64,1,1,0,5.01680398,0,1,1,0
5180145,61,1,2,1,0.711859571,1,1,1,2
2247368,64,1,1,1,4.999136262,1,0,1,1
1124310,32,1,1,0,9.181894509,0,1,1,1
1408111,40,1,1,0,4.827861883,1,0,1,1
1267368,36,1,1,0,6.904800247,1,0,0,0
1483482,42,1,1,1,4.222888811,1,0,0,0
1948947,55,1,1,1,1.42219934,1,1,1,0
1666377,47,1,1,1,2.945333513,1,0,1,0
2288050,23,1,2,1,4.755100824,1,1,1,2
1418421,40,1,1,1,4.637689017,1,0,1,1
6464916,91,2,2,1,0.491694993,1,1,2,2
2203258,31,2,2,0,5.389751299,1,1,1,1
2170000,61,1,1,1,5.550257498,1,0,1,1
1850156,52,1,1,1,8.377227446,1,0,1,1
2313130,65,1,1,1,4.694897537,1,0,1,1
2136842,30,2,2,0,1.092886023,1,1,1,1
1567406,44,1,1,1,3.706772521,1,0,0,0
2316263,65,1,1,0,4.634670396,0,1,1,0
1283491,36,1,1,0,6.804848965,1,0,0,0
2717239,76,1,1,0,3.236187145,1,0,1,0
2431328,68,1,1,0,4.088974756,0,1,1,0
1788646,50,1,1,1,2.179618836,1,0,1,1
6447368,90,2,2,1,0.532843745,1,1,2,2
4445545,62,2,2,1,1.020897766,1,1,2,1
1400000,39,1,1,0,5.089046824,1,0,1,1
2800000,78,1,1,0,3.055111994,1,0,1,1
3500000,40,1,1,1,1.95203928,1,1,1,1
2047477,57,1,1,1,6.240498098,1,1,1,0
1947175,23,1,2,1,1.427768965,1,1,1,2
1436842,40,1,1,1,14.63498355,1,0,0,0
1799381,50,1,1,1,2.13615298,1,1,0,0
5254878,146,1,1,1,0.693345589,1,1,1,0
1621053,45,1,1,1,3.3911584,1,0,1,0
2305729,64,1,1,1,4.723405995,1,0,1,0
2756198,35,1,1,0,3.195064156,1,1,1,1
3316695,92,1,1,1,2.18112349,1,1,1,1
2523684,70,1,1,0,3.847186526,1,0,1,0
2892105,80,1,1,1,2.904436215,1,0,1,1
940733,26,1,1,0,10.50738157,0,1,1,0
1737400,48,1,1,1,9.807300983,1,0,1,0
2173684,60,1,1,1,5.528113638,1,0,1,0
2935079,81,1,1,1,2.82373373,1,0,1,1
1233154,34,1,1,0,7.24660922,1,0,1,1
4789474,66,2,1,1,0.847512924,1,1,2,1
1851574,51,1,1,1,1.76020602,1,1,1,1
3202715,44,2,1,1,2.357999333,1,1,1,1
1821453,50,1,1,0,8.908056603,1,1,0,0
1712536,47,1,1,1,10.57826913,1,0,1,0
2624380,72,1,1,0,3.497291101,1,0,1,0
2264311,62,1,1,1,4.902907945,1,0,1,1
2303957,63,1,1,1,0.84080573,1,0,1,1
1502383,41,1,1,0,14.31336138,1,0,1,1
4910352,67,2,1,1,0.795389622,1,1,2,1
1636076,22,1,1,0,3.26722041,1,1,1,1
2317368,29,1,2,0,4.607367358,1,1,1,2
2021315,55,1,1,1,6.545861289,1,1,1,0
1654211,45,1,1,1,3.113270219,1,0,1,0
2354211,64,1,1,1,4.467267404,1,1,1,1
2574996,35,2,2,1,3.699950597,1,1,1,1
2172964,59,1,1,0,1.066535584,1,1,1,1
1473684,40,1,1,1,4.265219348,1,0,0,0
3315789,90,1,1,1,2.198728173,1,1,1,1
2542105,69,1,1,0,0.625401458,1,0,1,1
1768421,48,1,1,1,9.508773349,1,0,1,1
1289474,35,1,1,0,17.19310925,1,1,1,1
1475084,40,1,1,0,14.5957245,0,1,0,1
2581432,35,2,1,1,3.631424785,1,1,1,1
2229510,25,1,2,1,5.196695878,1,1,1,2
5015965,68,2,1,1,0.767957605,1,1,2,1
2508947,34,2,2,1,3.868609286,1,1,1,1
1735850,47,1,1,1,9.838809602,1,0,1,0
1480466,40,1,1,1,4.230516563,1,0,0,0
1332514,36,1,1,0,15.92335053,1,1,1,1
2414306,32,1,2,0,4.125903395,1,1,1,2
2259279,61,1,1,1,4.913457994,1,0,1,1
1408576,38,1,1,1,14.81877663,1,0,0,0
2928584,79,1,1,0,2.846479184,1,0,1,1
1298452,35,1,1,0,17.16279682,1,1,1,1
5359764,61,1,2,1,0.643594813,1,1,1,2
2819516,76,1,1,0,3.044871305,1,0,1,0
4900000,66,2,1,1,0.801396807,1,1,2,1
2229394,60,1,1,1,5.197410483,1,0,1,0
1786842,48,1,1,1,2.191292575,1,1,0,0
2423079,65,1,1,1,4.107351244,1,1,1,1
1381666,37,1,1,0,15.43991645,1,0,0,0
1123684,30,1,1,0,9.281179515,0,1,1,1
2588003,29,1,1,1,3.614538838,1,1,1,1
2210526,59,1,1,1,5.350675056,1,0,1,1
1838421,49,1,1,1,1.84061427,1,1,1,1
2590728,69,1,1,1,3.611519632,1,0,1,0
2594614,69,1,1,0,3.607216809,1,0,1,1
5240825,139,1,1,1,0.696726997,1,1,1,0
2828207,75,1,1,0,3.015393634,1,1,1,0
2641004,30,1,2,1,3.483658631,1,1,1,2
1924350,51,1,1,1,7.448597839,1,1,0,0
5157895,58,1,2,1,0.736070919,1,1,1,2
2644574,70,1,1,1,3.467050205,1,1,1,0
2685575,71,1,1,1,3.32849271,1,1,1,1
3557199,47,2,2,1,1.881765425,1,1,2,1
1363158,36,1,1,0,5.487276373,1,0,0,0
1363158,36,1,1,0,5.420655845,1,0,0,0
2575263,34,2,1,1,3.694213196,1,1,1,1
1972583,52,1,1,1,7.024158201,1,1,1,1
2542001,67,1,1,1,3.827004806,1,1,1,0
1252632,33,1,1,0,17.41490612,1,0,1,0
2657886,35,2,2,1,3.408235655,1,1,1,1
3456242,91,1,1,1,2.018058081,1,1,1,1
2279185,60,1,1,0,0.862290635,1,1,1,0
1215789,32,1,1,0,7.438881806,1,0,1,1
1482923,39,1,1,0,4.228655974,1,0,0,0
1369939,36,1,1,0,5.29707742,1,0,0,0
2976505,33,1,1,1,2.737715521,1,1,1,1
1713158,45,1,1,0,10.51342665,1,1,0,0
1887466,21,1,1,1,8.058245861,1,1,1,2
2820275,74,1,1,0,3.024194708,1,0,1,0
2210526,58,1,1,0,5.335424692,1,1,1,0
2744737,72,1,1,0,3.198745506,1,1,1,0
3661656,42,1,1,1,1.768986809,1,1,1,1
3205263,84,1,1,1,2.35064369,1,1,1,1
3868421,52,1,1,1,1.58120778,1,1,1,1
3092308,81,1,1,1,2.550621095,1,0,1,1
1145877,30,1,1,0,8.727868784,0,1,1,1
1799931,47,1,1,1,9.150816968,1,1,1,1
1456201,38,1,1,0,4.389487785,1,0,0,0
3506366,41,1,2,1,1.934076984,1,1,1,2
1266599,33,1,1,0,6.977283324,1,0,1,1
2266104,59,1,1,0,4.884482241,1,1,1,0
1499638,39,1,1,1,14.55884372,1,0,0,0
2155263,56,1,1,0,5.601051907,1,0,1,0
2578947,67,1,1,1,3.675633587,1,0,1,0
1694737,44,1,1,1,10.81140885,1,1,1,1
2158322,56,1,1,0,5.564441325,1,0,1,0
5171246,67,2,1,1,0.7181282,1,1,2,1
1585188,41,1,1,0,3.58115945,1,1,0,1
2243615,29,2,2,0,0.959112797,1,1,1,1
2129014,55,1,1,0,5.778839533,1,0,1,0
930079,24,1,1,0,12.30582526,0,1,1,0
2752105,71,1,1,0,3.196079971,1,0,1,0
2019084,26,2,1,1,6.581156973,1,1,1,1
2213411,57,1,1,0,5.250533792,1,1,1,0
3732240,96,1,1,1,1.678818034,1,1,1,1
1400000,36,1,1,1,5.077882368,1,0,0,0
4382514,61,1,2,1,1.098943609,1,1,1,1
3350421,86,1,1,1,2.161745446,1,1,1,1
1793271,46,1,1,0,9.265334021,1,1,0,0
2856394,32,1,1,0,2.980195063,1,1,1,1
3355502,86,1,1,1,2.151546208,1,1,1,1
5157895,132,1,1,1,0.725935397,1,1,1,0
2501579,64,1,1,1,3.89456831,1,1,1,0
3205558,82,1,1,0,2.340609816,1,0,1,0
1412146,36,1,1,0,14.79427365,1,1,1,0
2118421,54,1,1,0,5.794034572,1,0,1,0
1729596,44,1,1,0,10.21343398,1,1,0,1
2910526,33,1,1,1,2.888175841,1,1,1,2
1730398,44,1,1,1,10.21223394,1,1,1,1
1298848,33,1,1,0,6.290005791,1,1,0,1
2243687,57,1,1,0,5.107699292,1,0,1,0
1732896,44,1,1,1,2.494427243,1,1,1,0
2678273,34,2,1,1,3.368800549,1,1,1,1
1694737,43,1,1,0,10.79741214,1,1,0,1
1382463,35,1,1,0,5.215141273,1,0,1,0
1303718,33,1,1,0,16.88687358,1,1,0,0
2533850,64,1,1,1,3.845455101,1,1,1,1
3168421,80,1,1,0,2.414546278,1,0,1,0
3506094,41,1,1,1,1.936754036,1,1,1,2
3651519,42,1,2,1,1.772527443,1,1,1,1
3242105,45,1,1,1,2.310597415,1,1,1,1
5070636,64,2,1,1,0.759384508,1,1,2,2
1308923,33,1,1,0,5.893734728,1,0,1,0
1805263,21,1,1,1,9.10494855,1,1,1,2
3689329,93,1,1,1,1.728310833,1,1,1,1
6114465,77,2,2,1,0.542986279,1,1,2,1
1985789,25,2,1,1,1.316375569,1,1,1,1
2505263,63,1,1,1,3.873322031,1,0,1,0
2229825,28,2,2,0,0.968485427,1,1,1,2
1753684,21,1,1,0,9.657723274,1,1,1,2
2232668,56,1,1,0,5.131740651,1,0,1,0
4789474,60,2,1,1,0.845905047,1,1,2,2
1677911,42,1,1,1,10.93150726,1,1,1,0
2357895,59,1,1,0,4.422859512,1,1,1,0
3079123,77,1,1,0,2.577306345,1,1,1,0
1400000,35,1,1,0,5.057594657,1,1,1,0
3481738,87,1,1,0,1.972899825,1,0,1,0
1484712,37,1,1,0,4.217264255,1,1,1,0
2169897,27,2,1,1,5.556772138,1,1,1,1
2210526,55,1,1,0,0.993703974,1,1,1,0
4310526,60,1,2,1,1.128017265,1,1,1,1
4421053,55,2,2,1,1.085643801,1,1,2,1
2652632,66,1,1,1,3.424881202,1,1,1,1
2251092,28,2,2,0,4.971719999,1,1,1,1
1289474,32,1,1,0,6.553689886,1,1,0,0
4454211,60,1,2,1,1.013134056,1,1,1,2
1289474,32,1,1,0,6.503637434,1,1,0,1
967144,24,1,1,0,10.11880748,0,1,1,0
2378669,59,1,1,0,4.308892465,1,1,1,0
2704003,67,1,1,1,3.257455582,1,1,1,1
2946423,73,1,1,1,2.81649363,1,1,1,1
1657895,41,1,1,1,3.04059529,1,1,1,0
3077245,76,1,1,1,2.59817124,1,1,1,1
1336441,33,1,1,0,15.90576058,1,1,0,0
1418935,35,1,1,0,4.598775529,1,1,0,0
1338828,33,1,1,0,15.57771032,1,1,0,1
6005263,74,2,2,1,0.555593629,1,1,2,1
1623408,40,1,1,1,12.40401393,1,1,1,0
2638954,65,1,1,1,3.485668701,1,0,1,0
2559064,63,1,1,0,3.725651998,1,1,1,0
3475407,49,1,1,1,2.00801315,1,1,1,2
1666708,41,1,1,1,11.20761021,1,1,1,1
3823634,94,1,1,1,1.628792169,1,1,1,0
5710526,75,1,2,1,0.603313853,1,1,1,2
3945632,53,1,1,1,1.504232827,1,1,1,1
2831418,32,1,1,0,3.009498254,1,1,1,2
3573684,40,1,1,1,1.873682241,1,1,1,1
3500000,43,2,2,1,1.950218556,1,1,2,1
2523494,62,1,1,0,3.86013895,1,1,1,0
2607311,64,1,1,1,0.579783216,1,0,1,0
2613628,64,1,1,1,3.543455548,1,1,1,1
6455024,79,2,2,1,0.493029719,1,1,2,1
2245118,28,1,1,0,0.94743915,1,1,1,2
4987774,61,2,1,1,0.779395628,1,1,2,2
1717608,42,1,1,1,10.41501993,1,1,1,0
2578947,63,1,1,1,3.669719286,1,1,1,1
2210526,27,2,2,0,5.332933933,1,1,1,1
3647368,89,1,1,1,1.778043776,1,1,1,1
2748682,67,1,1,1,3.196630962,1,0,1,0
2468421,60,1,1,0,3.984990508,1,1,1,0
1974945,48,1,1,1,6.998171276,1,1,1,0
1358268,33,1,1,0,5.490708748,1,1,1,1
3426316,83,1,1,1,2.040337627,1,1,1,0
1945594,24,1,1,0,7.230209479,1,1,1,1
2769119,67,1,1,1,3.113362965,1,1,1,1
1655947,40,1,1,0,11.70458429,1,1,0,0
1573695,38,1,1,1,13.14477104,1,1,1,1
1882659,27,1,1,1,8.087616581,1,1,0,2
4639638,56,2,2,1,0.895037806,1,1,2,1
3480592,84,1,1,1,1.995117785,1,1,1,0
1326316,32,1,1,0,16.25914537,1,1,1,1
1657895,40,1,1,1,11.33306383,1,1,1,0
1989474,48,1,1,1,6.765326317,1,1,1,1
2157191,52,1,1,1,5.567605666,1,1,1,1
1369074,33,1,1,0,5.313574059,1,1,0,0
1663898,40,1,1,1,2.9624671,1,1,1,1
2912017,70,1,1,1,2.871637133,1,1,1,1
3161908,38,2,2,0,2.418882323,1,1,2,1
1584211,38,1,1,0,12.95345693,1,1,0,1
2545988,61,1,1,0,3.781879684,1,1,1,0
1878947,45,1,1,1,8.208513816,1,1,1,0
3721053,89,1,1,1,1.687748296,1,1,1,0
2844072,68,1,1,0,2.989229678,1,1,1,0
1631411,39,1,1,1,12.23579109,1,1,1,0
1840603,44,1,1,0,1.8385493,1,1,0,1
1928982,46,1,1,1,1.470632805,1,1,1,0
3062470,73,1,1,0,2.619880134,1,1,1,0
1510526,36,1,1,0,4.054040199,1,1,0,0
2855263,68,1,1,0,2.981824434,1,1,1,0
1639474,39,1,1,1,11.94585902,1,1,1,1
3616340,43,2,2,1,1.813167488,1,1,2,1
2316089,55,1,1,0,4.648775224,1,1,1,0
2485003,59,1,1,1,3.928442786,1,1,1,1
2064036,49,1,1,1,1.148528311,1,1,1,1
2864618,68,1,1,1,2.959986775,1,1,1,1
2906842,69,1,1,1,2.889180953,1,1,1,1
1897368,45,1,1,1,7.959411037,1,1,1,1
1602632,38,1,1,1,12.68236984,1,1,1,0
3207133,38,2,2,0,2.336901982,1,1,2,1
3131579,37,2,2,0,2.513574391,1,1,2,1
2836842,67,1,1,1,2.997288594,1,1,1,1
1778328,42,1,1,0,9.355063108,1,1,1,1
2542105,60,1,1,0,3.816303343,1,1,1,0
2246484,53,1,1,0,0.925132945,1,1,1,0
2884870,68,1,1,0,2.920596789,1,1,1,0
5095263,60,2,2,1,0.753510554,1,1,2,1
1400000,20,1,2,0,5.015536238,1,1,0,2
4646130,65,1,2,1,0.894905447,1,1,1,1
1572841,37,1,1,0,13.18174477,1,1,0,0
2871106,33,1,1,0,2.943050273,1,1,1,1
2210526,26,2,2,0,5.332112403,1,1,1,2
2680016,63,1,1,0,3.365969586,1,1,1,0
1829503,43,1,1,1,1.855455589,1,1,1,0
2361961,30,1,2,0,0.713886687,1,1,1,2
3881399,91,1,1,1,1.56443782,1,1,1,0
2431579,57,1,1,1,4.085185846,1,1,1,1
1922277,45,1,1,0,7.492245568,1,1,1,0
2136842,50,1,1,0,5.721384549,1,1,1,0
6755313,79,2,1,1,0.444221184,1,1,2,2
1411012,33,1,1,0,4.73856516,1,1,1,0
6428947,75,2,1,1,0.533144371,1,1,2,2
5401900,63,2,2,1,0.628109438,1,1,2,1
5316174,62,2,2,1,0.686353915,1,1,2,1
2316489,27,2,2,0,4.624090262,1,1,1,2
2703027,63,1,1,0,3.257490686,1,1,1,0
1842105,21,1,2,1,8.478425162,1,1,1,2
3265166,76,1,1,0,2.291914833,1,1,1,1
1547368,36,1,1,0,13.47306134,1,1,1,1
3094737,72,1,1,0,2.550604626,1,1,1,1
1289474,30,1,1,0,6.455037601,1,1,0,0
3584918,42,1,1,1,1.873157545,1,1,1,1
2409515,56,1,1,1,4.166101643,1,1,1,0
1421893,33,1,1,0,14.65573089,1,1,1,1
3189699,74,1,1,1,2.383202455,1,1,1,0
2741407,36,1,1,0,3.203500856,1,1,1,1
1768421,41,1,1,1,9.472800266,1,1,1,0
2243190,52,1,1,0,5.118999447,1,1,1,0
3239631,75,1,1,1,2.321220776,1,1,1,0
1641507,38,1,1,0,3.21045817,1,1,0,1
3156022,73,1,1,1,2.434312758,1,1,1,0
3176409,40,1,2,0,2.410132335,1,1,1,2
1988942,46,1,1,1,6.800832384,1,1,1,1
2248571,52,1,1,0,4.9861566,1,1,1,0
1470354,34,1,1,0,1.554899424,1,1,1,0
3589469,83,1,1,1,1.842451582,1,1,1,0
2943378,68,1,1,0,2.82290772,1,1,1,0
1731579,40,1,1,0,10.03549821,1,1,0,0
1862161,43,1,1,1,8.281828131,1,1,1,0
1830074,22,1,1,0,8.812740434,1,1,1,2
2556329,59,1,1,0,0.614181756,1,1,1,0
4660526,64,1,2,1,0.87676116,1,1,1,2
1821296,42,1,1,1,1.942369158,1,1,0,1
2998620,69,1,1,0,2.734033267,1,1,1,0
3131579,72,1,1,1,2.513284114,1,1,1,0
1392006,32,1,1,0,5.198883299,1,1,1,1
4786903,55,2,2,1,0.849557403,1,1,2,1
2833158,65,1,1,0,3.000581625,1,1,1,0
1307895,30,1,1,0,16.5206605,1,1,1,1
1962392,45,1,1,1,7.060719395,1,1,1,1
2049999,47,1,1,0,6.232774405,1,1,1,0
3054211,70,1,1,0,2.640704584,1,1,1,0
1396316,32,1,1,0,5.188091236,1,1,1,0
1572002,36,1,1,0,3.706746235,1,1,0,0
1355202,31,1,1,0,15.53121413,1,1,0,0
1792642,41,1,1,0,2.177181334,1,1,1,1
3961678,54,1,1,1,1.458195894,1,1,1,1
1880974,43,1,1,0,1.682251537,1,1,1,1
1750000,40,1,1,0,2.377010245,1,1,1,1
1312580,30,1,1,0,5.859929479,1,1,1,1
1795327,41,1,1,0,2.159041795,1,1,0,0
1576884,36,1,1,1,3.69778449,1,1,1,1
1731579,21,1,2,1,2.550351984,1,1,0,2
1842105,42,1,1,0,1.7941323,1,1,1,1
1713158,39,1,1,1,2.774567104,1,1,0,1
1320693,30,1,1,0,5.790122681,1,1,0,0
2597368,59,1,1,1,3.596138775,1,1,1,1
6604773,75,2,1,1,0.468960753,1,1,2,2
2951211,67,1,1,0,2.785023229,1,1,1,0
2203178,50,1,1,1,5.405943514,1,1,1,0
2600071,59,1,1,1,3.570666501,1,1,1,1
2689474,61,1,1,1,3.276721004,1,1,1,1
1811512,41,1,1,0,8.924262621,1,1,1,0
2563643,58,1,1,1,3.711523534,1,1,1,0
1547368,35,1,1,1,3.862908123,1,1,1,1
2210526,50,1,1,0,5.302096933,1,1,1,0
1326316,30,1,1,0,5.753161676,1,1,0,0
4613107,65,1,2,1,0.927891161,1,1,1,2
3396302,41,1,2,1,2.084763606,1,1,1,2
1858218,42,1,1,0,8.299338683,1,1,1,0
1816464,41,1,1,1,8.918156128,1,1,1,0
2394737,54,1,1,1,4.211173071,1,1,1,0
2927607,66,1,1,1,2.862471358,1,1,1,1
1997948,45,1,1,1,6.641346087,1,1,1,1
3331472,75,1,1,1,2.170540774,1,1,1,0
1778262,40,1,1,1,2.248492562,1,1,0,1
2578947,58,1,1,0,3.668833047,1,1,1,0
1602382,36,1,1,0,3.4737775,1,1,1,1
4365789,49,2,1,1,1.114705224,1,1,2,1
1915789,43,1,1,0,7.681471297,1,1,1,0
2725575,61,1,1,1,3.217714428,1,1,1,1
2770958,62,1,1,1,3.111487127,1,1,1,0
3131579,70,1,1,1,2.512884103,1,1,1,0
1789825,40,1,1,0,2.177746029,1,1,0,0
3308522,46,1,1,1,2.259495982,1,1,1,1
2550729,57,1,1,0,0.614227537,1,1,1,0
1888811,42,1,1,1,8.057629912,1,1,0,1
1844100,41,1,1,0,1.785408638,1,1,1,1
2296797,51,1,1,0,4.749920623,1,1,1,0
1801579,40,1,1,0,9.116020533,1,1,1,0
2228947,28,1,1,0,5.203153301,1,1,1,2
3243973,72,1,1,0,2.310152475,1,1,1,1
2297210,32,1,2,1,4.740551287,1,1,1,1
1805263,40,1,1,1,9.093946389,1,1,0,1
2843643,63,1,1,1,2.994819416,1,1,1,1
2394737,53,1,1,0,4.203631229,1,1,1,1
1492105,33,1,1,0,4.180038446,1,1,0,0
2759474,61,1,1,1,3.194300867,1,1,1,1
1904154,42,1,1,0,1.610355748,1,1,1,2
3085968,68,1,1,0,2.573435037,1,1,1,0
1907433,42,1,1,0,1.607516143,1,1,1,2
3179222,70,1,1,0,2.402757854,1,1,1,1
2681718,59,1,1,0,3.352435214,1,1,1,0
2819767,62,1,1,1,3.040846674,1,1,1,1
1501611,33,1,1,0,14.41378859,1,1,0,0
2320738,51,1,1,1,4.570129032,1,1,1,1
2139087,47,1,1,0,5.669524672,1,1,1,1
2867763,63,1,1,1,2.953846156,1,1,1,1
1640273,36,1,1,0,3.224118904,1,1,1,1
2323764,51,1,1,0,4.542530951,1,1,1,2
3329862,73,1,1,1,2.170898434,1,1,1,1
1689460,37,1,1,0,10.89821194,1,1,1,1
3040788,39,1,2,0,2.646632357,1,1,1,2
6025987,81,1,2,1,0.548607397,1,1,1,2
2192105,48,1,1,1,5.488925411,1,1,1,0
2578947,30,1,2,1,3.665054334,1,1,1,2
2100799,46,1,1,0,5.845130422,1,1,1,1
4477256,49,2,1,1,1.006664962,1,1,2,1
3199372,70,1,1,1,2.371818433,1,1,1,2
1691155,37,1,1,0,10.85338127,1,1,1,2
2468421,54,1,1,0,3.983156343,1,1,1,0
1188829,26,1,1,0,3.443000921,0,0,1,0
1326316,29,1,1,0,15.97674823,1,1,1,0
3483584,76,1,1,1,1.971059156,1,1,1,1
7335780,80,2,2,1,0.31441178,1,1,2,2
3669554,80,1,1,1,1.745882276,1,1,1,1
3168421,69,1,1,0,2.413816103,1,1,1,1
1839379,40,1,1,0,1.83867165,1,1,0,1
1150445,25,1,1,0,3.783406746,0,0,1,0
2255412,49,1,1,0,4.964200157,1,1,1,1
1105263,24,1,1,0,9.334052245,0,0,1,0
1842105,40,1,1,0,1.793574723,1,1,1,1
2947368,64,1,1,0,2.805595998,1,1,1,0
3315789,72,1,1,1,2.192085325,1,1,1,1
2652632,35,1,2,1,3.421051355,1,1,1,1
3407895,74,1,1,1,2.047007818,1,1,1,1
2536931,55,1,1,0,3.844640485,1,1,1,0
1800957,39,1,1,1,9.134481921,1,1,1,1
1847145,40,1,1,1,8.392230614,1,1,0,1
1805263,39,1,1,1,9.078551012,1,1,1,1
3200001,69,1,1,1,2.367045846,1,1,1,0
2325170,50,1,1,1,4.541318595,1,1,1,1
2093129,45,1,1,0,5.97475803,1,1,1,0
1768421,38,1,1,0,2.307653507,1,1,0,1
3168421,68,1,1,1,2.412803241,1,1,1,0
1725454,37,1,1,1,10.35369982,1,1,1,1
1959284,42,1,1,1,7.07601963,1,1,1,1
2100000,45,1,1,0,5.88003275,1,1,1,1
3689936,79,1,1,1,1.72579325,1,1,1,1
1915789,41,1,1,0,7.669123824,1,1,1,0
3411837,73,1,1,1,2.043536819,1,1,1,1
2950828,63,1,1,1,2.788896069,1,1,1,2
1639474,35,1,1,0,11.91573962,1,1,1,1
2671053,57,1,1,1,0.448150606,1,1,1,0
2109211,45,1,1,0,5.811654664,1,1,1,1
1690911,36,1,1,0,2.876634809,1,1,1,2
2024925,43,1,1,0,6.539053352,1,1,1,1
2873684,61,1,1,1,2.92927371,1,1,1,2
3628947,77,1,1,1,1.800149069,1,1,1,1
3252401,69,1,1,1,2.301530042,1,1,1,2
2357221,50,1,1,0,4.434820766,1,1,1,1
3347700,71,1,1,1,2.165162484,1,1,1,0
2548146,54,1,1,0,3.752741612,1,1,1,1
3021053,64,1,1,0,2.693670683,1,1,1,1
1758337,23,1,1,0,2.332562394,1,1,1,1
1558132,33,1,1,1,13.24955932,1,1,1,1
2928425,62,1,1,1,2.862043527,1,1,1,1
1621053,22,1,1,0,3.390525119,1,1,1,1
2975766,63,1,1,1,2.742513559,1,1,1,2
2773234,39,1,2,1,3.108276437,1,1,1,1
2031429,43,1,1,0,1.194708317,1,1,1,1
1370526,29,1,1,0,15.46493579,1,1,1,2
1418312,30,1,1,0,4.657637002,1,1,1,2
2317368,49,1,1,1,0.821610665,1,1,1,1
2317368,49,1,1,0,4.600457632,1,1,1,2
2431579,29,1,1,1,4.082356728,1,1,1,1
7000000,74,2,2,1,0.415357807,1,1,2,2
3359481,71,1,1,0,2.150834295,1,1,1,1
1893043,40,1,1,1,1.668042869,1,1,1,1
2510330,53,1,1,0,3.865225379,1,1,1,1
1657895,35,1,1,1,3.035271688,1,1,0,2
1657895,35,1,1,1,3.009774081,1,1,1,1
1657895,35,1,1,0,11.32528641,1,1,1,2
2321053,49,1,1,0,4.556446488,1,1,1,1
1707381,36,1,1,1,10.66462202,1,1,0,2
1832513,26,1,1,1,8.786354636,1,1,0,2
1897368,40,1,1,0,1.645986759,1,1,1,2
2468421,52,1,1,1,3.980537962,1,1,1,2
2373618,50,1,1,0,4.379662117,1,1,1,2
1901687,40,1,1,0,7.915948001,1,1,0,1
3371053,48,1,1,1,2.137306172,1,1,1,2
3455225,41,1,1,1,2.018880088,1,1,1,2
1760647,37,1,1,1,2.326199699,1,1,0,2
1380588,29,1,1,0,5.25516449,1,1,1,0
3094737,65,1,1,1,2.54859772,1,1,1,2
1952632,41,1,1,1,7.193150551,1,1,1,1
1952802,41,1,1,0,7.12477806,1,1,1,0
1860526,39,1,1,1,8.293057644,1,1,1,1
7251803,76,2,2,1,0.378980408,1,1,2,2
2910526,61,1,1,0,2.885407917,1,1,1,1
3149103,66,1,1,0,2.499234255,1,1,1,1
2148706,45,1,1,1,5.630577557,1,1,1,1
3773116,79,1,1,1,1.670398403,1,1,1,1
1768421,37,1,1,1,9.443090463,1,1,1,1
1912429,40,1,1,1,7.765250504,1,1,1,1
2247279,47,1,1,1,5.08833071,1,1,1,1
1819603,38,1,1,1,1.954466484,1,1,1,1
1987488,24,1,1,0,6.8470501,1,1,1,1
2539389,53,1,1,0,3.837225736,1,1,1,1
3266491,68,1,1,1,2.289003879,1,1,1,1
2210526,46,1,1,1,5.30098412,1,1,1,1
2931513,61,1,1,0,2.828430852,1,1,1,1
3004681,40,1,1,1,2.732141147,1,1,1,2
1297708,27,1,1,0,6.365659718,1,1,0,2
1287763,18,1,1,0,17.22752977,0,0,1,2
3131579,65,1,1,0,2.511657208,1,1,1,2
3131579,65,1,1,1,2.511188846,1,1,1,2
1927833,40,1,1,1,7.429781347,1,1,1,1
3185965,66,1,1,1,2.38547476,1,1,1,2
2763158,38,1,1,1,3.138447547,1,1,1,2
3186161,66,1,1,0,2.384188609,1,1,1,1
2354211,32,1,2,0,4.449342639,1,1,1,2
2560399,53,1,1,1,3.723009452,1,1,1,2
2803762,58,1,1,1,3.04752366,1,1,1,0
1547368,32,1,1,1,3.848476243,1,1,1,1
3191779,66,1,1,1,2.377070322,1,1,1,2
2954347,61,1,1,0,2.773007013,1,1,1,1
3391138,70,1,1,0,2.085224933,1,1,1,2
3151825,65,1,1,0,2.482691572,1,1,1,2
1871131,23,1,1,0,8.256830608,1,1,1,2
3105240,64,1,1,0,2.547521265,1,1,1,1
2039652,42,1,1,0,6.289516847,1,1,1,1
3205263,66,1,1,1,2.348833699,1,1,1,1
2477400,51,1,1,1,3.959557858,1,1,1,2
2431579,50,1,1,1,4.072662886,1,1,1,2
2383126,49,1,1,1,4.296024266,1,1,1,0
2238123,46,1,1,0,5.122890357,1,1,1,1
1800829,37,1,1,0,2.08967656,1,1,1,1
1412390,29,1,1,0,4.693439918,1,1,1,2
1997986,41,1,1,0,6.626234056,1,1,1,1
1414684,29,1,1,0,14.78409169,1,1,1,2
1952632,40,1,1,0,1.41737242,1,1,1,1
1783340,22,1,2,1,9.348843202,1,1,0,2
1269546,26,1,1,0,6.891798249,1,1,0,2
2002275,41,1,1,1,6.616415779,1,1,1,1
4446333,91,1,1,1,1.016170734,1,1,1,1
3131579,64,1,1,0,0.308456736,1,1,1,1
2107592,43,1,1,1,5.833494821,1,1,1,2
1865284,38,1,1,1,8.262289826,1,1,0,1
2210526,45,1,1,1,5.29606894,1,1,1,1
5981252,77,1,2,1,0.582676441,1,1,1,2
2389435,33,1,2,0,4.294481303,1,1,1,2
2505290,51,1,1,1,3.871190738,1,1,1,1
2344658,32,1,2,0,4.488238141,1,1,1,2
1523754,31,1,1,0,14.00302245,1,1,0,1
3294694,67,1,1,1,2.267505097,1,1,1,1
1674589,34,1,1,1,2.935594944,1,1,1,1
2675063,33,1,2,1,3.370489577,1,1,1,2
2316027,47,1,1,1,4.657949389,1,1,1,2
2266839,46,1,1,1,4.86974335,1,1,1,1
2026316,41,1,1,1,6.464593683,1,1,1,2
2274028,46,1,1,1,4.831745752,1,1,1,1
4548841,92,1,1,1,0.988724478,1,1,1,1
4973329,66,1,2,1,0.780082753,1,1,1,2
3363447,68,1,1,1,2.150828395,1,1,1,1
1584211,32,1,1,1,12.92659796,1,1,0,1
1882350,38,1,1,0,8.088191317,1,1,0,1
3271954,66,1,1,0,2.282439199,1,1,1,1
1786842,36,1,1,1,9.28929398,1,1,0,1
1439719,29,1,1,0,4.511316784,1,1,1,0
4421053,89,1,1,1,1.078698152,1,1,1,1
3278947,66,1,1,1,2.278652168,1,1,1,1
3378421,68,1,1,1,2.097450675,1,1,1,1
2136842,43,1,1,1,1.089290747,1,1,1,1
2136842,43,1,1,1,5.69235663,1,1,1,1
1938392,39,1,1,1,7.283958947,1,1,1,2
1842105,37,1,1,1,1.791666053,1,1,1,1
2192749,44,1,1,1,5.445836095,1,1,1,1
2195620,44,1,1,1,5.413941313,1,1,1,1
3493249,70,1,1,1,1.957074617,1,1,1,2
2247368,45,1,1,1,4.997148864,1,1,1,2
3298233,66,1,1,1,2.26011237,1,1,1,2
1400000,28,1,1,0,15.20916006,1,1,1,2
1801193,36,1,1,0,9.1340614,1,1,0,1
1701210,34,1,1,1,2.842459849,1,1,1,1
2602531,52,1,1,1,3.563642246,1,1,1,2
3255047,65,1,1,1,2.300701745,1,1,1,2
1252632,25,1,1,0,7.120546446,1,1,0,2
2055544,41,1,1,1,6.20585479,1,1,1,2
3312105,66,1,1,1,2.250385383,1,1,1,2
2358660,47,1,1,0,4.389581057,1,1,1,2
3364605,67,1,1,1,2.142235585,1,1,1,2
2210526,44,1,1,0,5.294324495,1,1,1,2
2763158,55,1,1,1,3.138047456,1,1,1,1
1909200,38,1,1,1,7.830133888,1,1,1,1
3619195,72,1,1,1,1.81265129,1,1,1,1
4680534,93,1,1,1,0.871951348,1,1,1,1
2393206,30,1,1,0,4.253969906,1,1,1,2
1510526,30,1,1,0,14.07345199,1,1,0,1
4431735,61,1,2,1,1.073933526,1,1,1,2
3223684,64,1,1,1,2.328182943,1,1,1,2
2318660,46,1,1,1,4.581424425,1,1,1,2
2707895,34,1,1,0,3.250235252,1,1,1,1
1969669,39,1,1,0,7.042716376,1,1,1,2
2071624,41,1,1,0,6.048665883,1,1,1,2
2887271,57,1,1,1,2.91606375,1,1,1,1
3039474,60,1,1,1,2.658828221,1,1,1,2
3547887,70,1,1,1,1.893127142,1,1,1,1
2788743,55,1,1,1,3.088951962,1,1,1,1
2284211,45,1,1,0,4.782112374,1,1,1,2
3351170,66,1,1,1,2.159968279,1,1,1,2
2910526,37,1,2,0,2.874505723,1,1,1,2
4735584,93,1,1,1,0.8513581,1,1,1,1
3260526,64,1,1,1,2.296737005,1,1,1,2
1630663,32,1,1,0,3.34723544,1,1,1,2
3519768,69,1,1,1,1.921216918,1,1,1,1
1786842,35,1,1,0,9.28778085,1,1,0,1
1991527,39,1,1,1,6.66421367,1,1,1,2
3474264,68,1,1,1,2.012916728,1,1,1,2
1584211,31,1,1,1,12.9182932,1,1,1,2
3426316,67,1,1,1,2.036704113,1,1,1,2
1842105,36,1,1,0,8.471059331,1,1,1,2
2100000,41,1,1,1,5.879077789,1,1,1,2
1793074,35,1,1,1,2.173797212,1,1,1,1
1435267,28,1,1,0,4.586455314,1,1,1,2
2153141,42,1,1,1,5.609770773,1,1,1,2
4513158,88,1,1,1,0.993241698,1,1,1,1
2257485,44,1,1,0,4.929122232,1,1,1,1
2721867,53,1,1,1,3.221984622,1,1,1,2
1852953,36,1,1,0,8.351390284,1,1,1,1
3964283,77,1,1,1,1.457726759,1,1,1,1
2265789,44,1,1,1,4.886808714,1,1,1,2
2166045,42,1,1,0,1.073197866,1,1,1,2
4602610,62,1,2,1,0.956524923,1,1,1,2
1601532,31,1,1,1,3.503730545,1,1,1,2
1963364,38,1,1,1,7.046377442,1,1,0,1
1653694,32,1,1,1,11.71084476,1,1,0,1
2432163,47,1,1,1,4.047927498,1,1,1,2
2708861,36,1,2,1,3.240949656,1,1,1,1
3315789,64,1,1,1,2.1912749,1,1,1,2
3630512,70,1,1,1,1.796114667,1,1,1,2
1608885,31,1,1,1,12.49619833,1,1,1,2
1558421,30,1,1,1,13.24857806,1,1,0,1
2026316,39,1,1,0,6.452068319,1,1,1,1
3951158,76,1,1,1,1.483835048,1,1,1,2
1924249,37,1,1,0,7.452538586,1,1,1,2
3536997,68,1,1,1,1.906930606,1,1,1,1
1925392,37,1,1,0,7.436564513,1,1,1,2
2123304,30,1,1,0,1.108319742,1,1,1,2
2793141,39,1,1,1,3.059821322,1,1,1,2
3021053,58,1,1,1,2.686606759,1,1,1,2
2211252,31,1,2,1,5.263450271,1,1,1,1
3179293,61,1,1,1,2.395068033,1,1,1,2
1878947,36,1,1,1,8.187419489,1,1,1,2
2768007,53,1,1,1,3.116918843,1,1,1,1
1621053,31,1,1,0,3.375059665,1,1,1,2
1987355,38,1,1,1,6.856318646,1,1,1,1
2301617,44,1,1,0,4.736643053,1,1,1,2
1622907,31,1,1,1,12.41124336,1,1,0,1
2566055,49,1,1,0,3.702543691,1,1,1,2
2306508,44,1,1,0,4.715243725,1,1,1,2
2096827,40,1,1,0,5.917970408,1,1,1,1
1940675,37,1,1,1,7.253517076,1,1,1,1
2307840,44,1,1,0,4.712105003,1,1,1,2
3936877,75,1,1,1,1.50613401,1,1,1,2
2152296,41,1,1,0,5.610192275,1,1,1,1
2100000,40,1,1,0,1.126545145,1,1,1,1
1945468,37,1,1,1,7.245373983,1,1,1,2
2156862,41,1,1,1,5.573856691,1,1,1,2
1842105,35,1,1,0,8.470107953,1,1,1,2
1842105,35,1,1,0,8.451806267,1,1,1,1
2214465,42,1,1,0,5.237709289,1,1,1,2
2161740,41,1,1,0,5.560284374,1,1,1,1
3270931,62,1,1,1,2.287830067,1,1,1,2
3905263,74,1,1,1,1.556430187,1,1,1,1
3905263,74,1,1,1,1.554489229,1,1,1,2
2375854,45,1,1,0,4.354056643,1,1,1,2
3596505,68,1,1,1,1.84199195,1,1,1,1
2221562,42,1,1,0,5.230040052,1,1,1,2
1851323,35,1,1,0,8.364571055,1,1,0,2
2542105,48,1,1,0,3.811596874,1,1,1,2
1589199,30,1,1,0,3.576262129,1,1,0,2
2210526,30,1,2,1,5.294284719,1,1,1,1
3232679,61,1,1,1,2.32334836,1,1,1,2
2067507,39,1,1,1,6.062073534,1,1,1,1
1696702,32,1,1,1,10.79298265,1,1,1,1
1961931,37,1,1,0,7.064026281,1,1,1,2
2281364,43,1,1,0,4.816237627,1,1,1,2
2019348,38,1,1,1,1.242717009,1,1,1,2
1647860,31,1,1,0,11.79105388,1,1,0,1
4094848,77,1,1,1,1.359617771,1,1,1,1
1701921,32,1,1,1,10.66937917,1,1,0,1
1915789,36,1,1,0,7.656318636,1,1,1,2
2394911,45,1,1,0,4.182082968,1,1,1,2
1916146,36,1,1,1,1.507146965,1,1,1,2
3518421,66,1,1,1,1.929844894,1,1,1,2
3680285,69,1,1,1,1.745401076,1,1,1,1
3468732,65,1,1,1,2.014590525,1,1,1,2
2669917,50,1,1,1,3.374049941,1,1,1,1
1710087,32,1,1,1,10.65187386,1,1,0,1
1924230,36,1,1,1,7.464021802,1,1,1,2
2192105,41,1,1,0,5.484761879,1,1,1,2
1657895,31,1,1,1,2.981184903,1,1,1,1
1979211,37,1,1,0,6.977087689,1,1,1,2
1980048,37,1,1,1,6.964987028,1,1,1,1
1712780,32,1,1,0,10.52856944,1,1,1,2
3643714,52,1,1,1,1.786537636,1,1,1,1
2947368,55,1,1,0,2.804414182,1,1,1,2
1934078,36,1,1,0,7.404302947,1,1,1,1
1826707,34,1,1,1,1.859520753,1,1,1,1
2578947,48,1,1,1,3.66414205,1,1,1,1
1934211,36,1,1,1,7.384287218,1,1,1,2
2579009,37,1,2,0,3.631554724,1,1,1,2
1934211,36,1,1,1,7.378578902,1,1,1,2
1934211,36,1,1,1,7.378439074,1,1,1,1
2688856,50,1,1,0,3.318308835,1,1,1,2
2312908,43,1,1,1,4.705119362,1,1,1,1
3066085,57,1,1,0,2.612628188,1,1,1,2
3120743,58,1,1,1,2.527275205,1,1,1,2
2044737,38,1,1,1,6.26061594,1,1,1,1
1830008,34,1,1,0,1.8492573,1,1,1,2
3500000,65,1,1,1,1.948464753,1,1,1,1
1992376,37,1,1,1,6.655685489,1,1,1,2
2155263,40,1,1,0,5.574028754,1,1,1,2
3448596,64,1,1,1,2.025743789,1,1,1,2
1994131,37,1,1,1,6.655434448,1,1,1,1
2210526,41,1,1,0,5.28749571,1,1,1,2
1995956,37,1,1,0,6.653121782,1,1,1,2
3129342,58,1,1,0,2.518905393,1,1,1,2
2375192,44,1,1,1,4.354064073,1,1,1,2
1998943,37,1,1,0,1.261599639,1,1,1,1
1952632,36,1,1,1,7.155610085,1,1,1,1
1952632,36,1,1,0,7.125916741,1,1,1,1
2063158,38,1,1,0,6.089695161,1,1,1,2
1957773,36,1,1,1,1.376959219,1,1,1,1
1959530,36,1,1,1,7.0709163,1,1,1,1
2287017,42,1,1,1,4.762283047,1,1,1,2
1579901,29,1,1,0,13.01150847,1,1,1,2
1473684,27,1,1,1,4.259833586,1,1,1,2
1912105,35,1,1,1,7.780830387,1,1,1,2
1748374,32,1,1,0,9.719069693,1,1,0,2
1639474,30,1,1,0,3.23630425,1,1,1,1
1694737,31,1,1,0,2.852400138,1,1,0,2
3498851,64,1,1,1,1.956230272,1,1,1,2
3500000,64,1,1,1,1.94467281,1,1,1,1
3118647,57,1,1,0,2.530030185,1,1,1,1
4190789,60,1,2,1,1.251854464,1,1,1,2
2133818,39,1,1,0,5.76307784,1,1,1,2
1915789,35,1,1,1,7.617983964,1,1,1,1
1533284,28,1,1,1,3.921776261,1,1,1,2
2245867,41,1,1,0,0.945632571,1,1,1,2
3122359,57,1,1,0,2.52265882,1,1,1,1
2192105,40,1,1,0,5.459403213,1,1,1,2
1762811,32,1,1,0,9.60619608,1,1,1,1
2038997,37,1,1,0,1.175373402,1,1,1,2
2096178,38,1,1,1,5.925326235,1,1,1,1
3585697,65,1,1,1,1.844961118,1,1,1,1
2648947,48,1,1,0,3.466901254,1,1,1,2
4254333,77,1,1,1,1.20136094,1,1,1,2
1768421,32,1,1,0,9.411353683,1,1,0,2
4676543,67,1,2,1,0.875356885,1,1,1,2
1989474,36,1,1,0,6.76023467,1,1,1,2
4367557,79,1,1,1,1.107040481,1,1,1,2
2767684,50,1,1,0,3.129065506,1,1,1,2
2380243,43,1,1,0,4.305846252,1,1,1,2
2216908,40,1,1,1,5.231411205,1,1,1,2
3658924,66,1,1,1,1.770280544,1,1,1,2
4715789,85,1,1,1,0.863975259,1,1,1,1
2109084,38,1,1,1,5.81691782,1,1,1,1
1720954,31,1,1,0,10.40237896,1,1,1,1
4552250,82,1,1,1,0.971109514,1,1,1,1
2668032,48,1,1,1,3.382170638,1,1,1,1
2335171,42,1,1,0,4.523747907,1,1,1,2
2059099,37,1,1,0,6.151924558,1,1,1,2
3784693,68,1,1,1,1.666252056,1,1,1,2
2562328,46,1,1,1,3.716197373,1,1,1,1
2284211,41,1,1,1,4.771169414,1,1,1,2
3536842,50,1,1,1,1.90752438,1,1,1,1
4906527,88,1,1,1,0.801288509,1,1,1,1
1841866,33,1,1,0,8.655503485,1,1,0,2
2124086,38,1,1,1,5.789456002,1,1,1,2
2073181,37,1,1,1,6.045854888,1,1,1,2
2578947,46,1,1,1,3.654959658,1,1,1,1
1401986,25,1,1,1,4.829222136,1,1,1,1
1626467,29,1,1,1,12.29303038,1,1,1,2
4550000,81,1,1,1,0.973140339,1,1,1,1
3091053,55,1,1,0,2.55593741,1,1,1,1
2305524,41,1,1,1,4.727969478,1,1,1,1
1971053,35,1,1,1,7.027244367,1,1,1,1
2312180,41,1,1,0,4.706418816,1,1,1,2
1635498,29,1,1,0,3.274240047,1,1,0,2
1805263,32,1,1,0,8.979546714,1,1,1,2
4233158,75,1,1,1,1.228633544,1,1,1,2
2428224,43,1,1,1,4.094666744,1,1,1,2
2035545,36,1,1,1,6.315054607,1,1,1,1
2553322,36,1,1,1,3.746149704,1,1,1,1
1584211,28,1,1,0,3.613837944,1,1,0,2
2831859,50,1,1,0,3.007168876,1,1,1,2
3681879,65,1,1,1,1.733768844,1,1,1,1
2719967,48,1,1,0,3.229786137,1,1,1,2
2323642,41,1,1,0,4.54704689,1,1,1,2
4820474,85,1,1,1,0.837775385,1,1,1,1
1871809,33,1,1,1,8.253250981,1,1,0,2
1816404,32,1,1,1,2.007605655,1,1,1,1
4939843,87,1,1,1,0.78683205,1,1,1,1
1930819,34,1,1,0,7.424438635,1,1,1,2
3521655,62,1,1,1,1.917350253,1,1,1,1
2273158,40,1,1,1,4.850567097,1,1,1,1
3753325,66,1,1,1,1.67842989,1,1,1,1
2618172,46,1,1,1,0.564260225,1,1,1,2
1879079,33,1,1,1,8.168971419,1,1,1,2
2391601,42,1,1,1,4.258053007,1,1,1,1
2050085,36,1,1,0,6.231141969,1,1,1,1
2734173,48,1,1,0,3.215771779,1,1,1,1
2565859,45,1,1,0,3.705481278,1,1,1,2
1768421,31,1,1,1,2.283147127,1,1,1,1
1028535,18,1,1,0,9.722356337,0,0,1,2
2685954,47,1,1,1,3.321819585,1,1,1,1
2516835,44,1,1,0,3.864753969,1,1,1,2
1830862,32,1,1,1,8.805727686,1,1,0,2
1546762,27,1,1,1,13.94081053,1,1,1,2
1547368,27,1,1,0,13.43542892,1,1,1,2
2578947,45,1,1,0,3.652973563,1,1,1,1
1492105,26,1,1,1,4.172913986,1,1,1,2
2468421,43,1,1,1,3.979607561,1,1,1,1
2066740,36,1,1,1,6.073878503,1,1,1,1
4431939,77,1,1,1,1.034175869,1,1,1,1
3282415,57,1,1,1,2.270786584,1,1,1,1
1613438,28,1,1,0,3.431593084,1,1,1,2
3519826,61,1,1,1,1.918605801,1,1,1,2
3463158,60,1,1,1,2.016743945,1,1,1,1
2656814,46,1,1,0,3.412906677,1,1,1,1
2541605,44,1,1,1,3.834274899,1,1,1,1
2484646,43,1,1,0,3.942495215,1,1,1,2
2947368,51,1,1,1,2.804204004,1,1,1,2
2431579,42,1,1,1,4.067748142,1,1,1,2
2374998,41,1,1,0,4.356335886,1,1,1,2
3070769,53,1,1,0,2.607325221,1,1,1,2
2321053,40,1,1,0,4.549198892,1,1,1,2
2031735,35,1,1,1,6.335169937,1,1,1,2
2497358,43,1,1,1,3.917131107,1,1,1,2
3488947,60,1,1,1,1.959837064,1,1,1,1
2560526,44,1,1,1,3.720006555,1,1,1,1
2155263,37,1,1,1,1.074220841,1,1,1,1
1864634,32,1,1,0,8.266458748,1,1,0,2
2391053,41,1,1,0,4.278473242,1,1,1,1
1400000,24,1,1,1,15.15543641,1,1,1,1
3500000,60,1,1,1,1.943440885,1,1,1,2
3039534,52,1,1,0,2.647019634,1,1,1,1
2221594,38,1,1,1,5.219976297,1,1,1,1
994737,17,1,1,0,19.0042842,0,0,1,2
1989474,34,1,1,1,6.753437616,1,1,1,2
1523706,26,1,1,1,4.00208242,1,1,1,1
2052152,35,1,1,0,6.215727011,1,1,1,1
1878947,32,1,1,1,8.177402593,1,1,1,2
2409329,41,1,1,0,4.174681444,1,1,1,1
3057895,52,1,1,0,0.339617575,1,1,1,2
2176146,37,1,1,0,5.524738899,1,1,1,2
1823684,31,1,1,1,1.871931973,1,1,0,2
2118421,36,1,1,1,1.116716705,1,1,1,2
3181865,54,1,1,0,2.394114038,1,1,1,2
1178947,20,1,1,0,17.96585576,1,0,1,1
2947368,50,1,1,0,2.797101515,1,1,1,1
4421053,75,1,1,1,1.076392079,1,1,1,1
2357895,40,1,1,0,4.39677973,1,1,1,2
2357895,40,1,1,0,4.396144961,1,1,1,2
4306261,73,1,1,1,1.132743709,1,1,1,2
2831939,48,1,1,0,3.003254555,1,1,1,2
2302632,39,1,1,0,4.729422892,1,1,1,2
4431804,75,1,1,1,1.053106302,1,1,1,1
3372039,57,1,1,1,2.113580857,1,1,1,1
2073904,35,1,1,1,6.026904546,1,1,1,1
2666527,45,1,1,0,3.385829117,1,1,1,1
3260526,55,1,1,1,2.296390041,1,1,1,1
3260526,55,1,1,1,2.295017101,1,1,1,1
2727005,46,1,1,1,3.217106994,1,1,1,1
2016097,34,1,1,0,6.591068394,1,1,1,2
2018947,34,1,1,1,6.589040706,1,1,1,2
2614105,44,1,1,1,3.535118244,1,1,1,1
1842105,31,1,1,0,8.428073989,1,1,1,2
2560465,43,1,1,0,3.723002069,1,1,1,2
2203694,37,1,1,1,5.385492875,1,1,1,2
2025883,34,1,1,1,6.526465586,1,1,1,2
3278947,55,1,1,1,2.277979817,1,1,1,1
2444523,41,1,1,0,4.022873912,1,1,1,2
2028751,34,1,2,1,6.39066926,1,1,1,2
3819988,64,1,1,1,1.629254704,1,1,1,1
3044139,51,1,1,1,2.64553285,1,1,1,2
2030468,34,1,1,1,1.194933811,1,1,1,2
3942105,66,1,1,1,1.504294077,1,1,1,2
3527786,59,1,1,1,1.909452833,1,1,1,1
4305661,72,1,1,1,1.140669682,1,1,1,1
3109660,52,1,2,0,2.545156554,1,1,1,1
2212909,37,1,1,0,5.251894953,1,1,1,1
2213189,37,1,2,1,0.983790225,1,1,1,2
1915789,32,1,1,0,1.545026786,1,1,1,1
2157105,36,1,1,1,5.573501039,1,1,1,2
3965231,66,1,2,1,1.457353504,1,1,1,1
3606441,60,1,1,1,1.834835834,1,1,1,1
3366238,56,1,1,1,2.138070611,1,1,1,1
1623639,27,1,1,1,12.37079278,1,1,1,2
2225586,37,1,1,0,0.974016279,1,1,1,2
3610526,60,1,1,1,1.818690312,1,1,1,1
3371170,56,1,1,1,2.132107954,1,1,1,1
3251540,54,1,1,1,2.304311988,1,1,1,2
1084074,18,1,1,0,9.625758926,0,0,1,2
2651527,44,1,1,1,3.452397414,1,1,1,2
4158394,69,1,1,1,1.301045029,1,1,1,2
1929417,32,1,2,1,1.466703504,1,1,1,2
2413158,40,1,1,0,4.140507483,1,1,1,1
3021053,50,1,1,0,2.680503705,1,1,1,2
4109897,68,1,1,1,1.357759601,1,1,1,2
3143221,52,1,1,0,2.511115331,1,1,1,1
2781579,46,1,1,0,0.430241522,1,1,1,2
2542105,42,1,1,0,3.805913141,1,1,1,2
2118421,35,1,1,0,1.115248488,1,1,1,2
2542553,42,1,1,0,3.801210299,1,1,1,1
1998897,33,1,1,0,1.262700732,1,1,1,1
3756460,62,1,1,1,1.673349373,1,1,1,1
3696015,61,1,1,1,1.716345504,1,1,1,1
4253126,70,1,1,1,1.201876342,1,1,1,1
1216456,20,1,1,0,7.302127171,1,0,1,1
4629013,76,1,1,1,0.917558734,1,1,1,1
1889518,31,1,1,0,8.042791115,1,1,1,1
2500302,41,1,1,0,3.896382769,1,1,1,2
2626294,43,1,1,0,3.491308529,1,1,1,1
2445403,40,1,1,0,4.020953059,1,1,1,1
1712012,28,1,1,0,10.60539755,1,1,0,2
4097305,67,1,1,1,1.35790919,1,1,1,2
3917070,64,1,1,1,1.544518957,1,1,1,2
3801742,62,1,1,1,0.299881678,1,1,1,1
1226741,20,1,1,0,7.30160613,1,0,1,1
3864856,63,1,1,1,1.58957549,1,1,1,2
2209450,36,1,1,1,5.37435744,1,1,1,2
1842105,30,1,1,0,8.408261443,1,1,1,1
2210526,36,1,1,0,5.273686561,1,1,1,2
3500000,57,1,1,1,1.93818494,1,1,1,1
3624459,59,1,1,1,1.800831591,1,1,1,1
2151355,35,1,1,0,5.614136611,1,1,1,2
2582632,42,1,1,0,3.628631318,1,1,1,1
2339474,38,1,1,1,4.514163001,1,1,1,2
3078441,50,1,1,0,2.591758395,1,1,1,2
1970267,32,1,1,0,7.031588036,1,1,1,1
1909309,31,1,1,0,7.793800229,1,1,1,2
2342913,38,1,1,1,4.505477482,1,1,1,2
2469418,40,1,2,0,0.645265056,1,1,1,2
1854404,30,1,2,1,1.744564926,1,1,1,2
2597772,42,1,1,1,3.589332385,1,1,1,2
4457164,72,1,1,1,1.012624259,1,1,1,2
1921605,31,1,2,1,7.539126322,1,1,1,2
3905263,63,1,1,1,1.546970404,1,1,1,2
1989571,32,1,1,0,6.70671301,1,1,1,1
4167162,67,1,1,1,1.281430698,1,1,1,2
2487964,40,1,1,0,3.917746651,1,1,1,1
2617816,42,1,1,0,3.518285471,1,1,1,1
2431579,39,1,1,1,4.05829381,1,1,1,1
4863158,78,1,1,1,0.811735518,1,1,1,1
4052632,65,1,1,1,1.411639461,1,1,1,2
3929455,63,1,1,1,1.518610681,1,1,1,2
3619651,58,1,1,1,1.805434258,1,1,1,1
2063158,33,1,1,1,6.080440255,1,1,1,1
4128412,66,1,1,1,1.323314871,1,1,1,1
2503501,40,1,1,1,3.89321445,1,1,1,2
3757895,60,1,1,1,1.671191979,1,1,1,1
2443340,39,1,2,1,4.022971567,1,1,1,1
2007895,32,1,2,1,6.612041399,1,1,1,2
1694737,27,1,1,0,2.850527858,1,1,0,2
4144737,66,1,1,1,1.322877952,1,1,1,2
1948947,31,1,1,0,7.227811292,1,1,1,1
2578947,41,1,1,1,3.641010335,1,1,1,2
2578947,41,1,1,1,3.637973216,1,1,1,2
2139287,34,1,2,1,5.654232328,1,1,1,2
2394737,38,1,2,1,4.199935295,1,1,1,1
2206842,35,1,2,1,5.37503672,1,1,1,2
2019379,32,1,1,0,6.548170946,1,1,1,1
3345786,53,1,1,0,2.165910308,1,1,1,2
2210526,35,1,1,0,5.272143766,1,1,1,1
4421053,70,1,1,1,1.074685377,1,1,1,2
4990834,79,1,2,1,0.771016318,1,1,1,2
2591517,41,1,1,1,3.607222225,1,1,1,1
3794737,60,1,2,1,1.659892691,1,1,1,1
2531150,40,1,1,0,3.845558239,1,1,1,1
1202774,19,1,1,0,7.632731294,0,0,1,2
2089297,33,1,2,1,5.981212252,1,1,1,1
2026316,32,1,2,1,6.418285252,1,1,1,1
4179719,66,1,1,1,1.270627721,1,1,1,2
1773377,28,1,2,1,2.272675276,1,1,1,2
4248981,67,1,1,1,1.207276978,1,1,1,2
4568421,72,1,2,1,0.961060393,1,1,1,2
3871217,61,1,1,1,1.5667296,1,1,1,2
2348367,37,1,1,1,4.469624314,1,1,1,1
1713986,27,1,1,0,10.44896364,1,1,0,2
2413158,38,1,1,0,4.137734811,1,1,1,1
2350862,37,1,1,0,4.469047666,1,1,1,2
4517903,71,1,1,1,0.990870108,1,1,1,2
3182033,50,1,2,0,2.393306441,1,1,1,1
2736596,43,1,1,1,3.211564632,1,1,1,2
3057895,48,1,2,0,2.622400697,1,1,1,1
5034277,79,1,1,1,0.762308606,1,1,1,1
4716394,74,1,2,1,0.863695462,1,1,1,2
4018988,63,1,2,1,1.44035787,1,1,1,2
2042010,32,1,2,1,6.266101053,1,1,1,1
1915789,30,1,2,1,7.561925005,1,1,1,2
3194060,50,1,2,0,2.375570472,1,1,1,1
2683060,42,1,1,1,3.332768133,1,1,1,2
2499195,39,1,1,1,3.899532482,1,1,1,1
2312418,36,1,2,1,4.705335521,1,1,1,2
2378328,37,1,1,1,4.314221426,1,1,1,2
3087368,48,1,2,0,2.566850898,1,1,1,1
3545747,55,1,1,1,1.89395301,1,1,1,1
6447368,100,1,2,1,0.496796286,1,1,1,1
3868421,60,1,1,1,1.572722062,1,1,1,2
3868421,60,1,1,1,1.572392555,1,1,1,2
4126316,64,1,1,1,1.333450917,1,1,1,1
6577618,102,1,2,1,0.470293903,1,1,1,1
2063904,32,1,1,1,6.077925367,1,1,1,2
3948839,61,1,2,1,1.493005106,1,1,1,1
2137510,33,1,1,1,1.087905979,1,1,1,1
1946961,30,1,1,0,7.230011589,1,1,1,1
4296506,66,1,1,1,1.155823368,1,1,1,1
6783716,104,1,2,1,0.441075219,1,1,1,1
2483517,38,1,1,0,3.952059263,1,1,1,1
1764737,27,1,2,1,9.602926507,1,1,1,2
4065257,62,1,1,1,1.360347,1,1,1,2
2427048,37,1,2,0,4.105863574,1,1,1,2
2296099,35,1,1,0,4.750701394,1,1,1,1
3615992,55,1,1,1,1.813702297,1,1,1,2
4274023,65,1,2,1,1.165022886,1,1,1,2
2172446,33,1,1,0,5.533058339,1,1,1,2
3960526,60,1,2,1,1.466842895,1,1,1,2
2641548,40,1,2,1,3.482493364,1,1,1,1
1915789,29,1,1,0,1.525624643,1,1,1,1
2381449,36,1,2,1,4.299535124,1,1,1,2
2251053,34,1,1,1,4.972807401,1,1,1,1
2450000,37,1,1,0,4.018675626,1,1,1,1
3377030,51,1,1,1,2.105515992,1,1,1,2
1987498,30,1,1,0,6.806931446,1,1,1,1
3978947,60,1,2,1,1.442285091,1,1,1,1
4247779,64,1,2,1,1.216557702,1,1,1,1
2456605,37,1,2,1,4.016495197,1,1,1,2
1662911,25,1,1,1,11.3237378,1,1,1,1
1197368,18,1,1,0,7.764365888,0,0,1,2
2394737,36,1,2,0,4.197056793,1,1,1,2
4060986,61,1,2,1,1.40593834,1,1,1,1
2332689,35,1,1,1,4.537586781,1,1,1,1
5274077,79,1,1,1,0.689008194,1,1,1,1
2413389,36,1,2,0,4.1282705,1,1,1,1
2347316,35,1,1,1,4.473547666,1,1,1,1
2688430,40,1,1,0,3.320476962,1,1,1,1
2354211,35,1,2,0,4.449022483,1,1,1,2
3433363,51,1,1,1,2.036232344,1,1,1,2
1755333,26,1,1,1,2.345331011,1,1,1,1
2433397,36,1,1,0,4.042714278,1,1,1,1
2030872,30,1,1,1,6.389020794,1,1,1,1
3320627,49,1,2,0,2.178773507,1,1,1,1
3389474,50,1,1,1,2.093085684,1,1,1,2
2508517,37,1,1,1,3.870223766,1,1,1,1
2376316,35,1,2,1,0.708686601,1,1,1,2
2376316,35,1,2,0,4.336167772,1,1,1,1
2376316,35,1,2,1,4.331346331,1,1,1,2
1428251,21,1,2,0,4.597851737,1,1,0,2
1641500,24,1,1,1,11.855261,1,1,1,1
2394737,35,1,1,0,4.193866968,1,1,1,1
4312254,63,1,2,1,1.126899773,1,1,1,2
2464653,36,1,2,0,4.012082656,1,1,1,1
2467558,36,1,2,0,3.988832496,1,1,1,2
1439477,21,1,2,0,4.547410286,1,1,0,2
4249961,62,1,1,1,1.202700893,1,1,1,2
2468421,36,1,1,1,3.972986176,1,1,1,1
1989474,29,1,1,1,1.281343723,1,1,1,1
2063158,30,1,1,0,1.15409,1,1,1,2
2621116,38,1,2,1,3.51287441,1,1,1,2
2621190,38,1,2,1,3.499816666,1,1,1,2
3389928,49,1,1,1,2.087467621,1,1,1,1
3807383,55,1,1,1,1.649471393,1,1,1,1
1731579,25,1,1,1,9.909351028,1,1,1,1
1870121,27,1,1,1,8.259917365,1,1,1,1
1664022,24,1,1,1,11.25681035,1,1,1,1
1805263,26,1,1,1,2.03062244,1,1,0,2
2502510,36,1,1,0,3.894522665,1,1,1,1
2089923,30,1,1,1,5.975581657,1,1,1,1
